[{"model": "sessions.session", "pk": "0hi777jwyaocdaw7jjtvhg3ogzileikf", "fields": {"session_data": ".eJxVjDsOwjAQBe_iGlkbx-sPJT1nsHb9wQHkSHFSIe4OkVJA-2bmvUSgba1h63kJUxJnoZU4_Y5M8ZHbTtKd2m2WcW7rMrHcFXnQLq9zys_L4f4dVOr1W48IMbOzkcAojwwO7OgKeUJkpdF5LiaxBu0i5iHajMqaoQC4RAmKeH8A-RM31Q:1wPeFn:R8dz9ZXyzxrpM2TyqH1d63hgdLx2EXSXLXB4adm-OlY", "expire_date": "2026-05-20T18:34:19.768Z"}}, {"model": "sessions.session", "pk": "0p7pohoiak8ord0zydkgnz5ccafciqad", "fields": {"session_data": ".eJxVjDsOwjAQRO_iGlnY6_hDSc8ZrN21jQPIkeKkQtydREoBzRTz3sxbRFyXGtee5zgmcRFKnH47Qn7mtoP0wHafJE9tmUeSuyIP2uVtSvl1Pdy_g4q9buviw2AoKUKn0YH1WUNyhgwYAHbIcA7BMiqFvhgcMpegiIMufgtnxecL31g33g:1wGFdK:ZUU2wG4_AB_gltxBonNucNTp8CWHD8BKW2r5q9EwQDo", "expire_date": "2026-04-24T20:27:46.118Z"}}, {"model": "sessions.session", "pk": "1nz9mgbivqxww9ze9bbxi6jf8l4o3fe7", "fields": {"session_data": ".eJxVjDsOwjAQRO_iGlnY6_hDSc8ZrN21jQPIkeKkQtydREoBzRTz3sxbRFyXGtee5zgmcRFKnH47Qn7mtoP0wHafJE9tmUeSuyIP2uVtSvl1Pdy_g4q9buviw2AoKUKn0YH1WUNyhgwYAHbIcA7BMiqFvhgcMpegiIMufgtnxecL31g33g:1wK75M:XzN8T_CIq_YFpXaaUkCJwycRQm4Pg-f28DGrD9wOaAc", "expire_date": "2026-05-05T12:08:40.277Z"}}, {"model": "sessions.session", "pk": "1thdk2m7r8po3v8tjz1hn2tikezgucgt", "fields": {"session_data": ".eJxVjDsOwjAQRO_iGlnY6_hDSc8ZrN21jQPIkeKkQtydREoBzRTz3sxbRFyXGtee5zgmcRFKnH47Qn7mtoP0wHafJE9tmUeSuyIP2uVtSvl1Pdy_g4q9buviw2AoKUKn0YH1WUNyhgwYAHbIcA7BMiqFvhgcMpegiIMufgtnxecL31g33g:1w63Sg:jY2G_dvH-OuxF2JXbzzZKdlAkOfNIOlv8rlAY2_AbMk", "expire_date": "2026-04-10T09:26:38.997Z"}}, {"model": "sessions.session", "pk": "2axcx9gnvxtj722lvqusu929vaf1a93z", "fields": {"session_data": ".eJxVjDsOwjAQRO_iGlnY6_hDSc8ZrN21jQPIkeKkQtydREoBzRTz3sxbRFyXGtee5zgmcRFKnH47Qn7mtoP0wHafJE9tmUeSuyIP2uVtSvl1Pdy_g4q9buviw2AoKUKn0YH1WUNyhgwYAHbIcA7BMiqFvhgcMpegiIMufgtnxecL31g33g:1wCEqU:L4cRNYpTFO-mg2XrcshMEumNnnIFVPQUu-8RGk0J0Fo", "expire_date": "2026-04-27T10:48:46.451Z"}}, {"model": "sessions.session", "pk": "4coif8bxtkkr5r2mlt9xvg29143wkkwg", "fields": {"session_data": ".eJxVjDsOwjAQBe_iGlkbx-sPJT1nsHb9wQHkSHFSIe4OkVJA-2bmvUSgba1h63kJUxJnoZU4_Y5M8ZHbTtKd2m2WcW7rMrHcFXnQLq9zys_L4f4dVOr1W48IMbOzkcAojwwO7OgKeUJkpdF5LiaxBu0i5iHajMqaoQC4RAmKeH8A-RM31Q:1wQLp8:w3Cr8bLg5CRdvk7kkBUEsnVvREGORVUm3wseHnMvz8g", "expire_date": "2026-05-22T17:05:42.119Z"}}, {"model": "sessions.session", "pk": "4w2wzfhklz00g90zcs2eq3e4afhxdlhx", "fields": {"session_data": "e30:1w61Bd:9J76HhfCPt4ERjTGq2GPqyajHCThMRk9KwYdW3Z7z5g", "expire_date": "2026-04-10T07:00:53.453Z"}}, {"model": "sessions.session", "pk": "6y1ji3gg2e0nu85pzrt3lmwxy4hsvbkc", "fields": {"session_data": "e30:1w63Q5:qNr75Nxq6pLuWNYhmBX2n_qaomLeDqRvzQ-F7psIEYc", "expire_date": "2026-04-10T09:23:57.862Z"}}, {"model": "sessions.session", "pk": "81jcnpxbipidernxcmi2zk4lg27cw78c", "fields": {"session_data": ".eJxVjEEOwiAQRe_C2pB2BhBcuvcMZMowUjU0Ke3KeHfbpAvdvvf-f6tI61Li2vIcR1YXBahOv3Cg9Mx1N_ygep90muoyj4PeE33Ypm8T59f1aP8OCrWyrU0KyB5E0jlLgEAgSIaEbedD8gYgo-TeiiN0STxSZ-0GHXoEtr36fAEe6jgT:1w5LxK:Njwlgqx5RF7F4aXtVkkhA5je7xdHmbDmI83ICtvIKSQ", "expire_date": "2026-04-08T10:59:22.353Z"}}, {"model": "sessions.session", "pk": "8cao74zlhpuqw2toporigpe1a9b898yi", "fields": {"session_data": ".eJxVjDsOwjAQRO_iGlnY6_hDSc8ZrN21jQPIkeKkQtydREoBzRTz3sxbRFyXGtee5zgmcRFKnH47Qn7mtoP0wHafJE9tmUeSuyIP2uVtSvl1Pdy_g4q9buviw2AoKUKn0YH1WUNyhgwYAHbIcA7BMiqFvhgcMpegiIMufgtnxecL31g33g:1wHHh6:WRHds4bX-jO_PRO61_weXrJ5uPL-6ldKD2k_i5w_PTs", "expire_date": "2026-04-27T16:51:56.371Z"}}, {"model": "sessions.session", "pk": "8lyf8e0k3ykcnbqmctl831uvc8g73w4g", "fields": {"session_data": ".eJxVjDsOwjAQBe_iGlkbx-sPJT1nsHb9wQHkSHFSIe4OkVJA-2bmvUSgba1h63kJUxJnoZU4_Y5M8ZHbTtKd2m2WcW7rMrHcFXnQLq9zys_L4f4dVOr1W48IMbOzkcAojwwO7OgKeUJkpdF5LiaxBu0i5iHajMqaoQC4RAmKeH8A-RM31Q:1wQLr4:MJaifCUlWhGxCqBLvdaWNZFPrDHcFr3OZhahhsYcBtE", "expire_date": "2026-05-22T17:07:42.156Z"}}, {"model": "sessions.session", "pk": "92i28atuaezjbnot76ju1x59o1bbfa8q", "fields": {"session_data": ".eJxVjDsOwjAQRO_iGlnY6_hDSc8ZrN21jQPIkeKkQtydREoBzRTz3sxbRFyXGtee5zgmcRFKnH47Qn7mtoP0wHafJE9tmUeSuyIP2uVtSvl1Pdy_g4q9buviw2AoKUKn0YH1WUNyhgwYAHbIcA7BMiqFvhgcMpegiIMufgtnxecL31g33g:1wHacm:_ZTdlA9kWRvEKPaw1ETMJtwVdnjZKiyVpC5SVBCIQZY", "expire_date": "2026-04-28T13:04:44.928Z"}}, {"model": "sessions.session", "pk": "93d5jqxnlo941uvfnz1mvxatlxrj28ny", "fields": {"session_data": "e30:1wG7xh:nf2laXjUxO8eA_x1mM0A3lWROb53uH3glJD6bvQjjS0", "expire_date": "2026-04-24T12:16:17.736Z"}}, {"model": "sessions.session", "pk": "96354a4c2m51190m00vrr0nrwkx2n3cx", "fields": {"session_data": "e30:1w207L:9aNYRyUSzAXx5Rf8_fOgybs3Uj2tK7J8EMc78ynq3aI", "expire_date": "2026-03-30T05:03:51.650Z"}}, {"model": "sessions.session", "pk": "96bs82ms3xeuiy52bgrol4fqjd51ecac", "fields": {"session_data": "e30:1w63Qx:kA6N6cN0xZX2jEO-o05JEblSV4OZ-ym1c2K5IbDx5SU", "expire_date": "2026-04-10T09:24:51.956Z"}}, {"model": "sessions.session", "pk": "9jdmcpj8d0xqa7um3zj5nr2demg1dbjw", "fields": {"session_data": ".eJxVjDsOwjAQRO_iGlnY6_hDSc8ZrN21jQPIkeKkQtydREoBzRTz3sxbRFyXGtee5zgmcRFKnH47Qn7mtoP0wHafJE9tmUeSuyIP2uVtSvl1Pdy_g4q9buviw2AoKUKn0YH1WUNyhgwYAHbIcA7BMiqFvhgcMpegiIMufgtnxecL31g33g:1wPYnn:z76EBv25RegUz-DEGKvKvFsSWUFVPi0M2MH4HgqsRK0", "expire_date": "2026-05-20T12:45:03.051Z"}}, {"model": "sessions.session", "pk": "a3k84c7b1doz6l9kkt5acv5sp4tx21fu", "fields": {"session_data": "e30:1wG7xY:9InKGhrAq2xZMv_NT4ztPAWh3_bnJtR7rFelvJRcvuU", "expire_date": "2026-04-24T12:16:08.543Z"}}, {"model": "sessions.session", "pk": "aanjsy9v8067x0vnnvq8rry6nqylxgxg", "fields": {"session_data": ".eJxVjDsOwjAQRO_iGlnY6_hDSc8ZrN21jQPIkeKkQtydREoBzRTz3sxbRFyXGtee5zgmcRFKnH47Qn7mtoP0wHafJE9tmUeSuyIP2uVtSvl1Pdy_g4q9buviw2AoKUKn0YH1WUNyhgwYAHbIcA7BMiqFvhgcMpegiIMufgtnxecL31g33g:1w65nK:gQlbCUKoWqug6noC1XKzw7BE08KPzaIZKUANDP7oEk8", "expire_date": "2026-04-10T11:56:06.500Z"}}, {"model": "sessions.session", "pk": "bxcl9b0ohiv2mozztgoztsbdcwqhh2fz", "fields": {"session_data": "e30:1w61Jh:gV6qrkzCh4s3tu-SpVzHILQYQV3MogfsSzf2EejGk9g", "expire_date": "2026-04-10T07:09:13.814Z"}}, {"model": "sessions.session", "pk": "dbsmoj5q52re2uumg8id606rmmwjohq6", "fields": {"session_data": ".eJxVjMsOwiAQRf-FtSHT8ii4dO83kIEZpGogKe3K-O_apAvd3nPOfYmA21rC1nkJM4mzGMTpd4uYHlx3QHestyZTq-syR7kr8qBdXhvx83K4fwcFe_nWBl0kq8gnhU6rnBj9FLUxo3YEPkXLCrNlO2YedFZuMt4DGARSYDWI9wfz_zeq:1w5eMr:Ne9yEkg7YuaP8PI3bD1NH7vBp8HBeb8v0yMddW3WHzU", "expire_date": "2026-04-09T06:38:57.066Z"}}, {"model": "sessions.session", "pk": "eh770v02vk34b8uvzbqu1olmhn16gdln", "fields": {"session_data": ".eJxVjDsOwjAQRO_iGlnY6_hDSc8ZrN21jQPIkeKkQtydREoBzRTz3sxbRFyXGtee5zgmcRFKnH47Qn7mtoP0wHafJE9tmUeSuyIP2uVtSvl1Pdy_g4q9buviw2AoKUKn0YH1WUNyhgwYAHbIcA7BMiqFvhgcMpegiIMufgtnxecL31g33g:1wKuQE:vWlw4gXtXnNEaE-5Qg0waqo7Ah-rDd5j_GsJoAxLAbc", "expire_date": "2026-05-07T16:49:30.541Z"}}, {"model": "sessions.session", "pk": "f5cprifkud1rx1t17b8kxp3lt6ydndn7", "fields": {"session_data": ".eJxVjDsOwjAQRO_iGlnY6_hDSc8ZrN21jQPIkeKkQtydREoBzRTz3sxbRFyXGtee5zgmcRFKnH47Qn7mtoP0wHafJE9tmUeSuyIP2uVtSvl1Pdy_g4q9buviw2AoKUKn0YH1WUNyhgwYAHbIcA7BMiqFvhgcMpegiIMufgtnxecL31g33g:1wGUQT:XHUZ0iyqbCTejzuifJHntXvt_1auvmPD0MLvcWHJz_0", "expire_date": "2026-04-25T12:15:29.336Z"}}, {"model": "sessions.session", "pk": "f6vdbf94cfhsp8232vl24ajw5rqqchnx", "fields": {"session_data": ".eJxVjDsOwjAQRO_iGlnY6_hDSc8ZrN21jQPIkeKkQtydREoBzRTz3sxbRFyXGtee5zgmcRFKnH47Qn7mtoP0wHafJE9tmUeSuyIP2uVtSvl1Pdy_g4q9buviw2AoKUKn0YH1WUNyhgwYAHbIcA7BMiqFvhgcMpegiIMufgtnxecL31g33g:1wPYm1:660eeFF10esF3QP3siUAtuKlfk6RGo5lBN1dntMasHI", "expire_date": "2026-05-20T12:43:13.019Z"}}, {"model": "sessions.session", "pk": "fy7ya99yqxzo5s82agzlfuolq2k78gxz", "fields": {"session_data": ".eJxVjDsOwjAQRO_iGlnY6_hDSc8ZrN21jQPIkeKkQtydREoBzRTz3sxbRFyXGtee5zgmcRFKnH47Qn7mtoP0wHafJE9tmUeSuyIP2uVtSvl1Pdy_g4q9buviw2AoKUKn0YH1WUNyhgwYAHbIcA7BMiqFvhgcMpegiIMufgtnxecL31g33g:1wFmOj:peSgBbFZqU3A6vN5kckf7K6g5i-HM8hl_zuR4Rsr2Mk", "expire_date": "2026-05-07T05:14:45.899Z"}}, {"model": "sessions.session", "pk": "gbrvp51n0es12ldbn72ax7injq7umvia", "fields": {"session_data": ".eJxVjDsOwjAQRO_iGlnY6_hDSc8ZrN21jQPIkeKkQtydREoBzRTz3sxbRFyXGtee5zgmcRFKnH47Qn7mtoP0wHafJE9tmUeSuyIP2uVtSvl1Pdy_g4q9buviw2AoKUKn0YH1WUNyhgwYAHbIcA7BMiqFvhgcMpegiIMufgtnxecL31g33g:1wLCWi:13te1vCugQgg44x5MvotssBKUDbIYjHaoVYPF-viB9s", "expire_date": "2026-05-08T12:09:24.389Z"}}, {"model": "sessions.session", "pk": "gq20r6zrygj4hqg43qmi1sy2a5jfno1u", "fields": {"session_data": "e30:1w61Aq:zsjU1V4uOF0HU_2XoGollWP1FewSyTgIv6fwkzFOZGA", "expire_date": "2026-04-10T07:00:04.164Z"}}, {"model": "sessions.session", "pk": "gv6fv3vhh5h8ynhpgm2pf0kmzuxpsiuy", "fields": {"session_data": "e30:1w618s:QMYMweJgwGr55EpT14mQXbrWO47MwW6q-M65WQr93uE", "expire_date": "2026-04-10T06:58:02.378Z"}}, {"model": "sessions.session", "pk": "gzurn12v7ubluddfhfoa2muecxiqku3v", "fields": {"session_data": ".eJxVjEEOwiAQRe_C2pB2BhBcuvcMZMowUjU0Ke3KeHfbpAvdvvf-f6tI61Li2vIcR1YXBahOv3Cg9Mx1N_ygep90muoyj4PeE33Ypm8T59f1aP8OCrWyrU0KyB5E0jlLgEAgSIaEbedD8gYgo-TeiiN0STxSZ-0GHXoEtr36fAEe6jgT:1w5LxM:6hBhlAoycbY05k4-1_0tiYh0G1b-pPTmpgWNHtfenSk", "expire_date": "2026-04-08T10:59:24.895Z"}}, {"model": "sessions.session", "pk": "i3kjpqde1omphs5kozqjoo93a54xu9i6", "fields": {"session_data": "e30:1w61Bd:9J76HhfCPt4ERjTGq2GPqyajHCThMRk9KwYdW3Z7z5g", "expire_date": "2026-04-10T07:00:53.985Z"}}, {"model": "sessions.session", "pk": "ie6p7cy94d4y1874uewnu6uq5qowd6qo", "fields": {"session_data": ".eJxVjMsOwiAQRf-FtSHT8ii4dO83kIEZpGogKe3K-O_apAvd3nPOfYmA21rC1nkJM4mzGMTpd4uYHlx3QHestyZTq-syR7kr8qBdXhvx83K4fwcFe_nWBl0kq8gnhU6rnBj9FLUxo3YEPkXLCrNlO2YedFZuMt4DGARSYDWI9wfz_zeq:1w1NQl:HMx7i-JCKylxgAJdJjY9ELNwzdt2GEGnCHKzF_I83BA", "expire_date": "2026-03-28T11:45:19.362Z"}}, {"model": "sessions.session", "pk": "kavv0ccs4cth899i8sd2fb9ehj3tb17a", "fields": {"session_data": ".eJxVjDsOwjAQRO_iGlnY6_hDSc8ZrN21jQPIkeKkQtydREoBzRTz3sxbRFyXGtee5zgmcRFKnH47Qn7mtoP0wHafJE9tmUeSuyIP2uVtSvl1Pdy_g4q9buviw2AoKUKn0YH1WUNyhgwYAHbIcA7BMiqFvhgcMpegiIMufgtnxecL31g33g:1wHxzj:dcoG2QyH-5bBeePDS6i6D9b8jWV71jmb7zaLM-f4bp8", "expire_date": "2026-04-29T14:01:59.585Z"}}, {"model": "sessions.session", "pk": "l70al0m53yeiuwxqpuzv7zdrkf713yps", "fields": {"session_data": ".eJxVjDsOwjAQRO_iGlnY6_hDSc8ZrN21jQPIkeKkQtydREoBzRTz3sxbRFyXGtee5zgmcRFKnH47Qn7mtoP0wHafJE9tmUeSuyIP2uVtSvl1Pdy_g4q9buviw2AoKUKn0YH1WUNyhgwYAHbIcA7BMiqFvhgcMpegiIMufgtnxecL31g33g:1wKZFt:9gfXe4jMqXpw9oyASY2cusu4cyd9iIcg1pE7zkLobvQ", "expire_date": "2026-05-06T18:13:25.707Z"}}, {"model": "sessions.session", "pk": "llj0c9n8x6ywilsq5j8yy4h2j7jr05lm", "fields": {"session_data": "e30:1w35Uh:RGjnioixs8VJHU3f5UCVXIQcT-ImmOFZl29kMX_HhXU", "expire_date": "2026-04-02T05:00:27.862Z"}}, {"model": "sessions.session", "pk": "mqdc9esm8eqyfrq90d3xnqglj8f6w8af", "fields": {"session_data": ".eJxVjDsOwjAQBe_iGlkbx-sPJT1nsHb9wQHkSHFSIe4OkVJA-2bmvUSgba1h63kJUxJnoZU4_Y5M8ZHbTtKd2m2WcW7rMrHcFXnQLq9zys_L4f4dVOr1W48IMbOzkcAojwwO7OgKeUJkpdF5LiaxBu0i5iHajMqaoQC4RAmKeH8A-RM31Q:1wQfBh:Ob-lHgPNvTrcQQ3oDP8Bn7gmtxo_rXoD5OI2Ua5uki8", "expire_date": "2026-05-23T13:46:17.316Z"}}, {"model": "sessions.session", "pk": "ns2o7hp1a47mxr1tdbxivz72fxr992a4", "fields": {"session_data": ".eJxVjDsOwjAQRO_iGlnY6_hDSc8ZrN21jQPIkeKkQtydREoBzRTz3sxbRFyXGtee5zgmcRFKnH47Qn7mtoP0wHafJE9tmUeSuyIP2uVtSvl1Pdy_g4q9buviw2AoKUKn0YH1WUNyhgwYAHbIcA7BMiqFvhgcMpegiIMufgtnxecL31g33g:1wMlIY:NjGHgo61KtxK0FOtf0ujBLtx3hK1IVZM7hj7PxkDNVU", "expire_date": "2026-05-12T19:29:14.285Z"}}, {"model": "sessions.session", "pk": "p279kpwtam48srohia07ahhaadboc5b5", "fields": {"session_data": ".eJxVjDsOwjAQBe_iGlnyb-WlpOcM1tq7xgEUS3FSIe4OkVJA-2bmvVSibW1pG7KkidVZWXX63TKVh8w74DvNt65Ln9dlynpX9EGHvnaW5-Vw_w4ajfatJZJngYpIDn2ETFJNqBEKgwQnRRBrzdYGcJgNWbHGsDNQPAapWb0_CXc4rw:1w24GY:wIdOQFYtdT3GbfXEmGLQ1fDzzWpG1a_C2VEUO_AE5RA", "expire_date": "2026-03-30T09:29:38.509Z"}}, {"model": "sessions.session", "pk": "rtl4oq135zym2naw28zjm2ezbbh0v0nw", "fields": {"session_data": ".eJxVjDsOwjAQRO_iGlnY6_hDSc8ZrN21jQPIkeKkQtydREoBzRTz3sxbRFyXGtee5zgmcRFKnH47Qn7mtoP0wHafJE9tmUeSuyIP2uVtSvl1Pdy_g4q9buviw2AoKUKn0YH1WUNyhgwYAHbIcA7BMiqFvhgcMpegiIMufgtnxecL31g33g:1wN2yr:uhODmDwhaopodPVMP5OMSofOuIeNWJ-uvKvXKoym9ow", "expire_date": "2026-05-13T14:22:05.855Z"}}, {"model": "sessions.session", "pk": "tkxaseiy2xro7qo85zbat400hh1erh1s", "fields": {"session_data": ".eJxVjDsOwjAQRO_iGlnY6_hDSc8ZrN21jQPIkeKkQtydREoBzRTz3sxbRFyXGtee5zgmcRFKnH47Qn7mtoP0wHafJE9tmUeSuyIP2uVtSvl1Pdy_g4q9buviw2AoKUKn0YH1WUNyhgwYAHbIcA7BMiqFvhgcMpegiIMufgtnxecL31g33g:1wJmRQ:X09v6A1McqlEVYgivlaclfZ60czMZne2HPAv4gE7Rus", "expire_date": "2026-05-04T14:06:04.497Z"}}, {"model": "sessions.session", "pk": "tlkxpxndepr9vdie1oyjrkfy8krng916", "fields": {"session_data": ".eJxVjEEOwiAQRe_C2hAYho66dN8zkIFBqRpISrsy3l2bdKHb_977LxV4XUpYe57DJOqs0KnD7xg5PXLdiNy53ppOrS7zFPWm6J12PTbJz8vu_h0U7uVbD2QELbAVRIderu40eJPJEQgSUDTRWIhiCUAoG0DrrRyjIebkANX7A9QbNr8:1w6L2Y:09yzoBmktbMBGK5GS-xqtu9a05qO3xT1J0DghJWA6is", "expire_date": "2026-04-11T04:12:50.663Z"}}, {"model": "sessions.session", "pk": "tutegi6nxgx8e7zs4e1zwaaxqg0e8kn4", "fields": {"session_data": ".eJxVjDsOwjAQRO_iGlnY6_hDSc8ZrN21jQPIkeKkQtydREoBzRTz3sxbRFyXGtee5zgmcRFKnH47Qn7mtoP0wHafJE9tmUeSuyIP2uVtSvl1Pdy_g4q9buviw2AoKUKn0YH1WUNyhgwYAHbIcA7BMiqFvhgcMpegiIMufgtnxecL31g33g:1wIJDB:zTTQi-G4P1eK8IGwbmVFwMnglEyfEix507KLTwMz-jc", "expire_date": "2026-04-30T12:41:17.461Z"}}, {"model": "sessions.session", "pk": "vfpsbhb43xzoxmfny6vw0q65zlo35nkj", "fields": {"session_data": ".eJxVjDsOwjAQBe_iGlkbx-sPJT1nsHb9wQHkSHFSIe4OkVJA-2bmvUSgba1h63kJUxJnoZU4_Y5M8ZHbTtKd2m2WcW7rMrHcFXnQLq9zys_L4f4dVOr1W48IMbOzkcAojwwO7OgKeUJkpdF5LiaxBu0i5iHajMqaoQC4RAmKeH8A-RM31Q:1wQLmP:NqE_f4pyWMXSXpqCUfcAXJaeI3r4HLvwM65uTk7bRTs", "expire_date": "2026-05-22T17:02:53.562Z"}}, {"model": "sessions.session", "pk": "wmsm0mxk027op2l1xl4an3b4697e069g", "fields": {"session_data": ".eJxVjDsOwjAQRO_iGlnY6_hDSc8ZrN21jQPIkeKkQtydREoBzRTz3sxbRFyXGtee5zgmcRFKnH47Qn7mtoP0wHafJE9tmUeSuyIP2uVtSvl1Pdy_g4q9buviw2AoKUKn0YH1WUNyhgwYAHbIcA7BMiqFvhgcMpegiIMufgtnxecL31g33g:1wPYmk:YvxolxeIrrGChoPN0WEmCT_W72jwkBcZgZhF1-KHTUk", "expire_date": "2026-05-20T12:43:58.752Z"}}, {"model": "sessions.session", "pk": "zed10yljmt9ddgj2tgqh7nl27o8m6klw", "fields": {"session_data": ".eJxVjDsOwjAQRO_iGlnY6_hDSc8ZrN21jQPIkeKkQtydREoBzRTz3sxbRFyXGtee5zgmcRFKnH47Qn7mtoP0wHafJE9tmUeSuyIP2uVtSvl1Pdy_g4q9buviw2AoKUKn0YH1WUNyhgwYAHbIcA7BMiqFvhgcMpegiIMufgtnxecL31g33g:1w5eOO:29ATbHXpnuD4x3okh3vUd2kx7bt8HOqfkvfa3pT-oko", "expire_date": "2026-04-09T06:40:32.783Z"}}, {"model": "accounts.user", "fields": {"password": "pbkdf2_sha256$1000000$RecS0dSBkZDyEgHO1Xx5YS$5l/Myfk5hpxfm/mR/ln6LcbkqRgL3WYb0xd8XLkGKE4=", "last_login": "2026-05-23T05:39:58.069Z", "is_superuser": true, "email": "shravan@gmail.com", "full_name": "Shravan A C", "role": "ADM", "has_changed_password": true, "is_active": true, "is_staff": true, "date_joined": "2026-03-14T11:43:37.679Z", "groups": [], "user_permissions": []}}, {"model": "accounts.user", "fields": {"password": "pbkdf2_sha256$1000000$TljOmgOeqFyOKYbKjgOLGi$cRsOlDUpYS2GcxshczxQFbpQoh8R9W38LN8uNtkrtNs=", "last_login": "2026-03-27T10:35:16.915Z", "is_superuser": false, "email": "gayathri@gmail.com", "full_name": "Gayathri Nair", "role": "HRM", "has_changed_password": true, "is_active": true, "is_staff": false, "date_joined": "2026-03-14T11:56:18.109Z", "groups": [], "user_permissions": []}}, {"model": "accounts.user", "fields": {"password": "pbkdf2_sha256$1000000$N8J10fWzRBh4ZXDPpENAsG$USrZQBfBiiVMLcRR0yEil3aESaQUi8sL4YD7IfLN0rc=", "last_login": null, "is_superuser": false, "email": "abhijitha@gmail.com", "full_name": "Abhijith A", "role": "HRM", "has_changed_password": false, "is_active": true, "is_staff": false, "date_joined": "2026-03-16T06:16:45.646Z", "groups": [], "user_permissions": []}}, {"model": "accounts.user", "fields": {"password": "pbkdf2_sha256$1000000$nkX7CUrYksEcfVPDJ2pTJQ$PBpjUxBEJ5drzBAvLTXxLv+QeKS3ZhhRKd6GDQVYsZA=", "last_login": null, "is_superuser": false, "email": "johndoe@gmail.com", "full_name": "John Doe", "role": "PAT", "has_changed_password": false, "is_active": true, "is_staff": false, "date_joined": "2026-03-17T09:36:53.683Z", "groups": [], "user_permissions": []}}, {"model": "accounts.user", "fields": {"password": "pbkdf2_sha256$1000000$GUWF3Sl1fcYUc8aqJSDTiy$/a9bplVbyQ55+3QEBeaj8FfJZL3XYRwqYYn+QYvbgVk=", "last_login": null, "is_superuser": false, "email": "johndoe1@gmail.com", "full_name": "John Doe", "role": "PAT", "has_changed_password": false, "is_active": true, "is_staff": false, "date_joined": "2026-03-17T09:42:18.050Z", "groups": [], "user_permissions": []}}, {"model": "accounts.user", "fields": {"password": "pbkdf2_sha256$1000000$ttdjmYA2wdGtrKSXvt9rHH$WBf0zxscXl7W+EZE2bjyKVKVgT9m8mCa973R6KgVuxk=", "last_login": null, "is_superuser": false, "email": "abcdef@gmail.com", "full_name": "abcdef AB", "role": "DON", "has_changed_password": false, "is_active": true, "is_staff": false, "date_joined": "2026-03-17T09:51:19.567Z", "groups": [], "user_permissions": []}}, {"model": "accounts.user", "fields": {"password": "pbkdf2_sha256$1000000$kLrVKANhUAQP3IuuAhoWSo$fywuSYrprGeMsRkjQJtoSpu51qx8ZHwNTDttCt2RsJQ=", "last_login": null, "is_superuser": false, "email": "abcd@gmail.com", "full_name": "abcdef AB", "role": "DON", "has_changed_password": false, "is_active": true, "is_staff": false, "date_joined": "2026-03-17T09:53:27.223Z", "groups": [], "user_permissions": []}}, {"model": "accounts.user", "fields": {"password": "pbkdf2_sha256$1000000$2xLvO9PIdB1A7TPrFLiZ3o$2hYSzTBRBcKQZEd1RyQSRQaXs2TmVVOuWIDdT34lPeg=", "last_login": null, "is_superuser": false, "email": "abc@gmail.com", "full_name": "abcdef AB", "role": "DON", "has_changed_password": false, "is_active": true, "is_staff": false, "date_joined": "2026-03-17T09:54:26.993Z", "groups": [], "user_permissions": []}}, {"model": "accounts.user", "fields": {"password": "pbkdf2_sha256$1000000$oVaMpQWmrofLd6FxCjymW6$y/R+IyHIvZ9y2rNrYqOHWBdPQCuzftTUQAhesmLgn2c=", "last_login": null, "is_superuser": false, "email": "abcde@gmail.com", "full_name": "abcdef AB", "role": "DON", "has_changed_password": false, "is_active": true, "is_staff": false, "date_joined": "2026-03-17T09:58:43.511Z", "groups": [], "user_permissions": []}}, {"model": "accounts.user", "fields": {"password": "pbkdf2_sha256$1000000$px8FAbvTa1RVcMh0Qaq0nK$ehAwri1cfybSumRzACqJkGm59OCw+Ac6+3fzfRDXFxQ=", "last_login": null, "is_superuser": false, "email": "abcdefg@gmail.com", "full_name": "abcdef AB", "role": "DON", "has_changed_password": false, "is_active": true, "is_staff": false, "date_joined": "2026-03-17T10:01:30.812Z", "groups": [], "user_permissions": []}}, {"model": "accounts.user", "fields": {"password": "pbkdf2_sha256$1000000$noiETuH34SOW7qdb7DyFIF$mitotbR1WZmRpX7X0Hx5CJHCqqOKe0+sfBD+AdovAno=", "last_login": null, "is_superuser": false, "email": "asdfghjk@gmail.com", "full_name": "asdfghjkl", "role": "PAT", "has_changed_password": false, "is_active": true, "is_staff": false, "date_joined": "2026-03-17T10:25:05.727Z", "groups": [], "user_permissions": []}}, {"model": "accounts.user", "fields": {"password": "pbkdf2_sha256$1000000$4jjTvxIXQbKWswCfbLXtUQ$QRil4x+M0hm+pvqBtfM/JbvjR49LKqOpchUHO2SUMdY=", "last_login": null, "is_superuser": false, "email": "abcdefgh@gmail.com", "full_name": "abcdef AB", "role": "DON", "has_changed_password": false, "is_active": true, "is_staff": false, "date_joined": "2026-03-17T11:34:35.653Z", "groups": [], "user_permissions": []}}, {"model": "accounts.user", "fields": {"password": "pbkdf2_sha256$1000000$2orlH7VQCH2mjnzcFilqzQ$bXjKrHsAFGfa7KokxvgojoSTxq6d4XUWGCVKM5U7Xnk=", "last_login": null, "is_superuser": false, "email": "abcdefghi@gmail.com", "full_name": "abcdef AB", "role": "DON", "has_changed_password": false, "is_active": true, "is_staff": false, "date_joined": "2026-03-17T11:34:53.096Z", "groups": [], "user_permissions": []}}, {"model": "accounts.user", "fields": {"password": "pbkdf2_sha256$1000000$W5R1nbCJIArye1Ryw7pOMN$hKCMxR1Ad9eNDU31ySaAIEzD/qThbGldetK/pZutvw4=", "last_login": null, "is_superuser": false, "email": "abhinav@gmail.com", "full_name": "Abhinav", "role": "HRM", "has_changed_password": false, "is_active": true, "is_staff": false, "date_joined": "2026-03-25T12:26:15.811Z", "groups": [], "user_permissions": []}}, {"model": "accounts.user", "fields": {"password": "pbkdf2_sha256$1000000$FBwCRKjjUFpD6yEqvm8QT7$A6cUEa3rDxlSWxt0JE3rhH0Af4tZ2vtG2JaLKx4C0yU=", "last_login": "2026-04-23T04:59:07.498Z", "is_superuser": false, "email": "shameema@gmail.com", "full_name": "Shameema", "role": "REC", "has_changed_password": true, "is_active": true, "is_staff": false, "date_joined": "2026-03-26T03:58:01.352Z", "groups": [], "user_permissions": []}}, {"model": "accounts.user", "fields": {"password": "pbkdf2_sha256$1000000$72ZY2twyYTqNXxv5ar1E52$b2t/xhQuDrhxypAW464Avd5LrG2wY029AilA5xgu4Io=", "last_login": null, "is_superuser": false, "email": "shravanac@gmail.com", "full_name": "Shravan A C", "role": "REC", "has_changed_password": false, "is_active": true, "is_staff": false, "date_joined": "2026-03-26T04:21:28.744Z", "groups": [], "user_permissions": []}}, {"model": "accounts.user", "fields": {"password": "pbkdf2_sha256$1000000$NepVLN1d7YmIe37OxniHqW$MWuXb1RHwznOlMq/p+FITvTowSJXOGEOkdI/J1ro2vU=", "last_login": null, "is_superuser": false, "email": "shravan5@gmail.com", "full_name": "Shravan", "role": "REC", "has_changed_password": false, "is_active": true, "is_staff": false, "date_joined": "2026-03-26T05:26:46.381Z", "groups": [], "user_permissions": []}}, {"model": "accounts.user", "fields": {"password": "pbkdf2_sha256$1000000$cxJc2pvL8lp3wOFFMOZzsf$BNixrGjBzryKTpHez+0MO2KA9EL2JJRHftAQ1RgTQ6Q=", "last_login": "2026-05-23T05:46:17.289Z", "is_superuser": false, "email": "sarath@gmail.com", "full_name": "Sarath Krishna", "role": "REC", "has_changed_password": true, "is_active": true, "is_staff": false, "date_joined": "2026-03-26T08:40:23.776Z", "groups": [], "user_permissions": []}}, {"model": "accounts.user", "fields": {"password": "pbkdf2_sha256$1000000$eGBFanq4vpvojGxMAQ0cgB$dvK56O74zh0ep3vinPazk7CzoZ7uANNelenmwhq5imY=", "last_login": "2026-03-28T04:12:31.327Z", "is_superuser": false, "email": "abhijith@gmail.com", "full_name": "Abhijith", "role": "ADM", "has_changed_password": true, "is_active": true, "is_staff": true, "date_joined": "2026-03-28T04:09:43.859Z", "groups": [], "user_permissions": []}}, {"model": "accounts.user", "fields": {"password": "pbkdf2_sha256$1000000$Y01MYlEkEMNvj4KxKJjZck$rjd+gYm8kGylHSUspReKEcV7/hnV4Cn8fyV0aaqfbeA=", "last_login": null, "is_superuser": false, "email": "abhijith1@gmail.com", "full_name": "Abhijith", "role": "HRM", "has_changed_password": false, "is_active": true, "is_staff": true, "date_joined": "2026-03-28T04:11:00.120Z", "groups": [], "user_permissions": []}}, {"model": "accounts.user", "fields": {"password": "pbkdf2_sha256$1000000$ANczbVXKqMRHXiNRPTzP24$ShvcCL1AI2TB4XQipSETlR5OUBSECFbKImNPgLYTrDA=", "last_login": null, "is_superuser": false, "email": "sarath2@gmail.com", "full_name": "Sarath", "role": "HRM", "has_changed_password": false, "is_active": false, "is_staff": false, "date_joined": "2026-03-30T10:05:48.281Z", "groups": [], "user_permissions": []}}, {"model": "accounts.user", "fields": {"password": "pbkdf2_sha256$1000000$MLxDyIujnxXzHKGLVt9EtB$JFXnK4RY1impnqEQGEV7OVWeo5xOV4s0xt/2wMNk/t4=", "last_login": null, "is_superuser": false, "email": "sarath3@gmail.com", "full_name": "Sarath", "role": "HRM", "has_changed_password": false, "is_active": true, "is_staff": false, "date_joined": "2026-03-30T10:06:35.579Z", "groups": [], "user_permissions": []}}, {"model": "accounts.user", "fields": {"password": "pbkdf2_sha256$1000000$7YniTQSOCmyNdnIHGvALKi$RKWFGIyIEl2kn6oFOOLPwjxYzG1+ZTTTovVmNnc01hg=", "last_login": null, "is_superuser": false, "email": "akshay@gmail.com", "full_name": "Akshay", "role": "PAT", "has_changed_password": false, "is_active": true, "is_staff": false, "date_joined": "2026-04-13T10:46:21.520Z", "groups": [], "user_permissions": []}}, {"model": "accounts.user", "fields": {"password": "pbkdf2_sha256$1000000$DYft9kS1zWpp5YHQ48iMvG$sPPvEYqtW5h7lL4UVgdKjCvgpFHExohso6xJrxc543A=", "last_login": null, "is_superuser": false, "email": "shravan1@gmail.com", "full_name": "Shravan", "role": "HRM", "has_changed_password": false, "is_active": true, "is_staff": false, "date_joined": "2026-04-29T10:05:16.569Z", "groups": [], "user_permissions": []}}, {"model": "accounts.user", "fields": {"password": "pbkdf2_sha256$1000000$EJgAtnKxlQ69XCK2RXDQBT$iNkFAbh/o4RDkWYRSV74TeXCTXWW9XosA4+Z5AoWL+U=", "last_login": null, "is_superuser": false, "email": "sarath8@gmail.com", "full_name": "Sarath", "role": "NUR", "has_changed_password": false, "is_active": true, "is_staff": false, "date_joined": "2026-04-29T10:40:50.171Z", "groups": [], "user_permissions": []}}, {"model": "accounts.user", "fields": {"password": "pbkdf2_sha256$1000000$rxSu5g9p9H8yteFxECaXy6$32k1QqRjaTmcBFUnV0Es/R2e8MCJx4aHtvF9xNksHh8=", "last_login": null, "is_superuser": false, "email": "abhinav10@gmail.com", "full_name": "Abhinav", "role": "NUR", "has_changed_password": false, "is_active": true, "is_staff": false, "date_joined": "2026-05-05T09:28:29.170Z", "groups": [], "user_permissions": []}}, {"model": "accounts.user", "fields": {"password": "pbkdf2_sha256$1000000$VTluL49VPQ3WlmAjuglhmO$9TMcX+oCIIXV0i1buoIJMO/3ckJSLvVtiLOsSfVsENQ=", "last_login": null, "is_superuser": false, "email": "patient001@test.com", "full_name": "Test Patient", "role": "PAT", "has_changed_password": false, "is_active": true, "is_staff": false, "date_joined": "2026-05-06T11:37:43.194Z", "groups": [], "user_permissions": []}}, {"model": "accounts.user", "fields": {"password": "pbkdf2_sha256$1000000$15WjumxxLMxBtG9hI3iX1n$s/qiHtxKgtN+RWnhniW7LWhQMItO972Mm35uQYQW0F0=", "last_login": null, "is_superuser": false, "email": "patient002@test.com", "full_name": "Test Patient", "role": "PAT", "has_changed_password": false, "is_active": true, "is_staff": false, "date_joined": "2026-05-06T11:44:21.936Z", "groups": [], "user_permissions": []}}, {"model": "accounts.user", "fields": {"password": "pbkdf2_sha256$1000000$lPygh1K1B0IZObBbRFNBp5$UQIaGb9x19OOIuQqX7A+shNrf7alwVtu9O5rsPGoh4E=", "last_login": null, "is_superuser": false, "email": "shravana@gmail.com", "full_name": "Shravan A C", "role": "PAT", "has_changed_password": false, "is_active": true, "is_staff": false, "date_joined": "2026-05-07T09:22:54.281Z", "groups": [], "user_permissions": []}}, {"model": "accounts.user", "fields": {"password": "pbkdf2_sha256$1000000$1tr47tnN09YH8I6rmNQhrm$4j7oPvejJMVtDS89Fo9NJkXa76bztnPlW3BA2SSn3zw=", "last_login": null, "is_superuser": false, "email": "abcdef1@gmail.com", "full_name": "abcdef a b", "role": "PAT", "has_changed_password": false, "is_active": true, "is_staff": false, "date_joined": "2026-05-07T09:24:25.189Z", "groups": [], "user_permissions": []}}, {"model": "accounts.user", "fields": {"password": "pbkdf2_sha256$1000000$53aUKHzIPaBi2eTtaMRPFs$nX2SoxN9CP+5UMxlJQbL9QE5Y62Bjj2KNRI53UAoMLQ=", "last_login": null, "is_superuser": false, "email": "rahul@gmail.com", "full_name": "Rahul", "role": "PAT", "has_changed_password": false, "is_active": true, "is_staff": false, "date_joined": "2026-05-13T04:59:36.599Z", "groups": [], "user_permissions": []}}, {"model": "accounts.user", "fields": {"password": "pbkdf2_sha256$1000000$1FuTEYRBavXkfQZtxCawZv$mjvszgN8iRxyxYgwOwH/2coY+abUE37z+ayVn93budE=", "last_login": null, "is_superuser": false, "email": "abhishek@gmail.com", "full_name": "Abhishek", "role": "PAT", "has_changed_password": false, "is_active": true, "is_staff": false, "date_joined": "2026-05-20T05:44:19.090Z", "groups": [], "user_permissions": []}}, {"model": "accounts.user", "fields": {"password": "pbkdf2_sha256$1000000$116OKgCdarda4VPsoiNywY$FHer/BNDb/YuVyXDe1yvctlGUq0G0WsD51Q0wyQHtU4=", "last_login": null, "is_superuser": false, "email": "anjali@gmail.com", "full_name": "Anjali", "role": "GYN", "has_changed_password": false, "is_active": true, "is_staff": false, "date_joined": "2026-05-20T06:42:43.343Z", "groups": [], "user_permissions": []}}, {"model": "accounts.user", "fields": {"password": "pbkdf2_sha256$1000000$TcNAilOxgB5qkIVddE4Vwn$ezMnmknoBBroBriT+Hg54ozg1/lxur/NIRd332UhEYw=", "last_login": null, "is_superuser": false, "email": "amal@gmail.com", "full_name": "amal", "role": "PAT", "has_changed_password": false, "is_active": true, "is_staff": false, "date_joined": "2026-05-23T05:25:35.306Z", "groups": [], "user_permissions": []}}, {"model": "accounts.receptionistprofile", "pk": 3, "fields": {"user": ["shameema@gmail.com"], "employee_id": "RC002", "slug": "shameema-rc002", "desk_location": "", "contact_number": "", "can_register_patient": true, "can_access_billing": true, "can_modify_patient_records": false, "can_schedule_appointment": false, "is_department_head": true, "is_active": true, "date_assigned": "2026-03-26"}}, {"model": "accounts.receptionistprofile", "pk": 5, "fields": {"user": ["shravanac@gmail.com"], "employee_id": "RC003", "slug": "shravan-a-c-rc003", "desk_location": "", "contact_number": "", "can_register_patient": true, "can_access_billing": true, "can_modify_patient_records": false, "can_schedule_appointment": true, "is_department_head": false, "is_active": true, "date_assigned": "2026-03-26"}}, {"model": "accounts.receptionistprofile", "pk": 9, "fields": {"user": ["shravan5@gmail.com"], "employee_id": "RC004", "slug": "shravan-rc004", "desk_location": "Front Desk", "contact_number": "", "can_register_patient": true, "can_access_billing": true, "can_modify_patient_records": true, "can_schedule_appointment": true, "is_department_head": false, "is_active": true, "date_assigned": "2026-03-26"}}, {"model": "accounts.receptionistprofile", "pk": 10, "fields": {"user": ["sarath@gmail.com"], "employee_id": "RC005", "slug": "sarath-krishna-rc005", "desk_location": "Main Lobby", "contact_number": "", "can_register_patient": true, "can_access_billing": true, "can_modify_patient_records": true, "can_schedule_appointment": true, "is_department_head": false, "is_active": true, "date_assigned": "2026-03-26"}}, {"model": "accounts.nurseprofile", "pk": 1, "fields": {"user": ["sarath8@gmail.com"], "employee_id": "NR001", "slug": "sarath-nr001", "nursing_license_no": "", "department": "", "is_head_nurse": false, "is_department_head": true, "is_active": true, "date_assigned": "2026-05-05"}}, {"model": "accounts.nurseprofile", "pk": 2, "fields": {"user": ["abhinav10@gmail.com"], "employee_id": "NR002", "slug": "abhinav-nr002", "nursing_license_no": "", "department": "", "is_head_nurse": false, "is_department_head": false, "is_active": true, "date_assigned": "2026-05-05"}}, {"model": "accounts.adminprofile", "pk": 1, "fields": {"user": ["shravan@gmail.com"], "employee_id": "", "department": "Administration", "access_level": 1, "is_notified_on_new_user": true, "last_system_audit_date": null}}, {"model": "accounts.loginauditlog", "pk": 1, "fields": {"user": ["gayathri@gmail.com"], "login_time": "2026-03-27T09:26:11.033Z", "logout_time": "2026-03-27T09:49:20.076Z", "ip_address": "127.0.0.1", "user_agent": "Mozilla/5.0 (Windows NT 10.0; Win64; x64) AppleWebKit/537.36 (KHTML, like Gecko) Chrome/146.0.0.0 Safari/537.36", "last_seen": "2026-03-27T11:55:06.715Z", "is_active_session": false}}, {"model": "accounts.loginauditlog", "pk": 2, "fields": {"user": ["shravan@gmail.com"], "login_time": "2026-03-27T09:26:38.988Z", "logout_time": "2026-03-27T09:40:08.018Z", "ip_address": "127.0.0.1", "user_agent": "Mozilla/5.0 (Windows NT 10.0; Win64; x64) AppleWebKit/537.36 (KHTML, like Gecko) Chrome/146.0.0.0 Safari/537.36", "last_seen": "2026-03-27T11:55:06.715Z", "is_active_session": false}}, {"model": "accounts.loginauditlog", "pk": 3, "fields": {"user": ["shravan@gmail.com"], "login_time": "2026-03-27T09:26:40.581Z", "logout_time": "2026-03-27T09:40:08.018Z", "ip_address": "127.0.0.1", "user_agent": "Mozilla/5.0 (Windows NT 10.0; Win64; x64) AppleWebKit/537.36 (KHTML, like Gecko) Chrome/146.0.0.0 Safari/537.36", "last_seen": "2026-03-27T11:55:06.715Z", "is_active_session": false}}, {"model": "accounts.loginauditlog", "pk": 4, "fields": {"user": ["shravan@gmail.com"], "login_time": "2026-03-27T09:27:04.433Z", "logout_time": "2026-03-27T09:40:08.018Z", "ip_address": "127.0.0.1", "user_agent": "Mozilla/5.0 (Windows NT 10.0; Win64; x64) AppleWebKit/537.36 (KHTML, like Gecko) Chrome/146.0.0.0 Safari/537.36", "last_seen": "2026-03-27T11:55:06.715Z", "is_active_session": false}}, {"model": "accounts.loginauditlog", "pk": 5, "fields": {"user": ["shravan@gmail.com"], "login_time": "2026-03-27T09:27:05.878Z", "logout_time": "2026-03-27T09:40:08.018Z", "ip_address": "127.0.0.1", "user_agent": "Mozilla/5.0 (Windows NT 10.0; Win64; x64) AppleWebKit/537.36 (KHTML, like Gecko) Chrome/146.0.0.0 Safari/537.36", "last_seen": "2026-03-27T11:55:06.715Z", "is_active_session": false}}, {"model": "accounts.loginauditlog", "pk": 6, "fields": {"user": ["shravan@gmail.com"], "login_time": "2026-03-27T09:40:19.014Z", "logout_time": "2026-03-27T10:35:44.353Z", "ip_address": "127.0.0.1", "user_agent": "Mozilla/5.0 (Windows NT 10.0; Win64; x64) AppleWebKit/537.36 (KHTML, like Gecko) Chrome/146.0.0.0 Safari/537.36", "last_seen": "2026-03-27T11:55:06.715Z", "is_active_session": false}}, {"model": "accounts.loginauditlog", "pk": 7, "fields": {"user": ["gayathri@gmail.com"], "login_time": "2026-03-27T10:35:16.930Z", "logout_time": "2026-03-27T10:36:02.245Z", "ip_address": "127.0.0.1", "user_agent": "Mozilla/5.0 (Windows NT 10.0; Win64; x64) AppleWebKit/537.36 (KHTML, like Gecko) Chrome/146.0.0.0 Safari/537.36", "last_seen": "2026-03-27T11:55:06.715Z", "is_active_session": false}}, {"model": "accounts.loginauditlog", "pk": 8, "fields": {"user": ["shravan@gmail.com"], "login_time": "2026-03-27T10:35:57.348Z", "logout_time": null, "ip_address": "127.0.0.1", "user_agent": "Mozilla/5.0 (Windows NT 10.0; Win64; x64) AppleWebKit/537.36 (KHTML, like Gecko) Chrome/146.0.0.0 Safari/537.36", "last_seen": "2026-03-27T11:55:06.715Z", "is_active_session": false}}, {"model": "accounts.loginauditlog", "pk": 9, "fields": {"user": ["shravan@gmail.com"], "login_time": "2026-03-27T11:56:06.484Z", "logout_time": null, "ip_address": "127.0.0.1", "user_agent": "Mozilla/5.0 (Windows NT 10.0; Win64; x64) AppleWebKit/537.36 (KHTML, like Gecko) Chrome/146.0.0.0 Safari/537.36", "last_seen": "2026-03-27T11:55:30.235Z", "is_active_session": false}}, {"model": "accounts.loginauditlog", "pk": 10, "fields": {"user": ["abhijith@gmail.com"], "login_time": "2026-03-28T04:12:31.335Z", "logout_time": null, "ip_address": "127.0.0.1", "user_agent": "Mozilla/5.0 (Windows NT 10.0; Win64; x64) AppleWebKit/537.36 (KHTML, like Gecko) Chrome/146.0.0.0 Safari/537.36", "last_seen": "2026-03-28T03:42:23.685Z", "is_active_session": true}}, {"model": "accounts.loginauditlog", "pk": 11, "fields": {"user": ["shravan@gmail.com"], "login_time": "2026-04-13T09:43:58.919Z", "logout_time": "2026-04-13T10:42:54.087Z", "ip_address": "127.0.0.1", "user_agent": "Mozilla/5.0 (Windows NT 10.0; Win64; x64) AppleWebKit/537.36 (KHTML, like Gecko) Chrome/146.0.0.0 Safari/537.36", "last_seen": "2026-04-13T09:43:01.228Z", "is_active_session": false}}, {"model": "accounts.loginauditlog", "pk": 12, "fields": {"user": ["shravan@gmail.com"], "login_time": "2026-04-13T10:43:47.707Z", "logout_time": "2026-04-13T10:44:27.404Z", "ip_address": "127.0.0.1", "user_agent": "Mozilla/5.0 (Windows NT 10.0; Win64; x64) AppleWebKit/537.36 (KHTML, like Gecko) Chrome/146.0.0.0 Safari/537.36", "last_seen": "2026-04-13T10:40:42.113Z", "is_active_session": false}}, {"model": "accounts.loginauditlog", "pk": 13, "fields": {"user": ["shameema@gmail.com"], "login_time": "2026-04-13T10:44:58.083Z", "logout_time": "2026-04-13T10:46:29.134Z", "ip_address": "127.0.0.1", "user_agent": "Mozilla/5.0 (Windows NT 10.0; Win64; x64) AppleWebKit/537.36 (KHTML, like Gecko) Chrome/146.0.0.0 Safari/537.36", "last_seen": "2026-04-13T10:40:42.113Z", "is_active_session": false}}, {"model": "accounts.loginauditlog", "pk": 14, "fields": {"user": ["shravan@gmail.com"], "login_time": "2026-04-13T10:48:46.419Z", "logout_time": null, "ip_address": "127.0.0.1", "user_agent": "Mozilla/5.0 (Windows NT 10.0; Win64; x64) AppleWebKit/537.36 (KHTML, like Gecko) Chrome/146.0.0.0 Safari/537.36", "last_seen": "2026-04-13T10:47:54.932Z", "is_active_session": false}}, {"model": "accounts.loginauditlog", "pk": 15, "fields": {"user": ["shravan@gmail.com"], "login_time": "2026-04-23T04:20:59.245Z", "logout_time": "2026-04-23T04:58:53.726Z", "ip_address": "127.0.0.1", "user_agent": "Mozilla/5.0 (Windows NT 10.0; Win64; x64) AppleWebKit/537.36 (KHTML, like Gecko) Chrome/146.0.0.0 Safari/537.36", "last_seen": "2026-04-23T04:20:13.135Z", "is_active_session": false}}, {"model": "accounts.loginauditlog", "pk": 16, "fields": {"user": ["shameema@gmail.com"], "login_time": "2026-04-23T04:59:07.507Z", "logout_time": null, "ip_address": "127.0.0.1", "user_agent": "Mozilla/5.0 (Windows NT 10.0; Win64; x64) AppleWebKit/537.36 (KHTML, like Gecko) Chrome/146.0.0.0 Safari/537.36", "last_seen": "2026-04-23T04:20:13.135Z", "is_active_session": true}}, {"model": "accounts.loginauditlog", "pk": 17, "fields": {"user": ["sarath@gmail.com"], "login_time": "2026-04-23T04:59:27.126Z", "logout_time": "2026-04-23T05:14:34.905Z", "ip_address": "127.0.0.1", "user_agent": "Mozilla/5.0 (Windows NT 10.0; Win64; x64) AppleWebKit/537.36 (KHTML, like Gecko) Chrome/146.0.0.0 Safari/537.36", "last_seen": "2026-04-23T04:20:13.135Z", "is_active_session": false}}, {"model": "accounts.loginauditlog", "pk": 18, "fields": {"user": ["shravan@gmail.com"], "login_time": "2026-04-23T05:14:45.889Z", "logout_time": null, "ip_address": "127.0.0.1", "user_agent": "Mozilla/5.0 (Windows NT 10.0; Win64; x64) AppleWebKit/537.36 (KHTML, like Gecko) Chrome/146.0.0.0 Safari/537.36", "last_seen": "2026-04-23T04:20:13.135Z", "is_active_session": false}}, {"model": "accounts.loginauditlog", "pk": 19, "fields": {"user": ["shravan@gmail.com"], "login_time": "2026-04-24T04:16:08.571Z", "logout_time": null, "ip_address": "127.0.0.1", "user_agent": "Mozilla/5.0 (Windows NT 10.0; Win64; x64) AppleWebKit/537.36 (KHTML, like Gecko) Chrome/146.0.0.0 Safari/537.36", "last_seen": "2026-04-24T04:14:20.986Z", "is_active_session": false}}, {"model": "accounts.loginauditlog", "pk": 20, "fields": {"user": ["shravan@gmail.com"], "login_time": "2026-04-24T04:16:08.579Z", "logout_time": null, "ip_address": "127.0.0.1", "user_agent": "Mozilla/5.0 (Windows NT 10.0; Win64; x64) AppleWebKit/537.36 (KHTML, like Gecko) Chrome/146.0.0.0 Safari/537.36", "last_seen": "2026-04-24T04:14:20.986Z", "is_active_session": false}}, {"model": "accounts.loginauditlog", "pk": 21, "fields": {"user": ["shravan@gmail.com"], "login_time": "2026-04-24T04:16:17.762Z", "logout_time": null, "ip_address": "127.0.0.1", "user_agent": "Mozilla/5.0 (Windows NT 10.0; Win64; x64) AppleWebKit/537.36 (KHTML, like Gecko) Chrome/146.0.0.0 Safari/537.36", "last_seen": "2026-04-24T04:14:20.986Z", "is_active_session": false}}, {"model": "accounts.loginauditlog", "pk": 22, "fields": {"user": ["shravan@gmail.com"], "login_time": "2026-04-24T04:16:17.769Z", "logout_time": null, "ip_address": "127.0.0.1", "user_agent": "Mozilla/5.0 (Windows NT 10.0; Win64; x64) AppleWebKit/537.36 (KHTML, like Gecko) Chrome/146.0.0.0 Safari/537.36", "last_seen": "2026-04-24T04:14:20.986Z", "is_active_session": false}}, {"model": "accounts.loginauditlog", "pk": 23, "fields": {"user": ["shravan@gmail.com"], "login_time": "2026-04-24T04:21:18.998Z", "logout_time": "2026-04-24T11:40:54.998Z", "ip_address": "127.0.0.1", "user_agent": "Mozilla/5.0 (Windows NT 10.0; Win64; x64) AppleWebKit/537.36 (KHTML, like Gecko) Chrome/146.0.0.0 Safari/537.36", "last_seen": "2026-04-24T04:20:22.556Z", "is_active_session": false}}, {"model": "accounts.loginauditlog", "pk": 24, "fields": {"user": ["shravan@gmail.com"], "login_time": "2026-04-24T04:21:19.005Z", "logout_time": "2026-04-24T11:40:54.998Z", "ip_address": "127.0.0.1", "user_agent": "Mozilla/5.0 (Windows NT 10.0; Win64; x64) AppleWebKit/537.36 (KHTML, like Gecko) Chrome/146.0.0.0 Safari/537.36", "last_seen": "2026-04-24T04:20:22.556Z", "is_active_session": false}}, {"model": "accounts.loginauditlog", "pk": 25, "fields": {"user": ["shravan@gmail.com"], "login_time": "2026-04-24T12:15:04.500Z", "logout_time": "2026-04-24T12:15:08.076Z", "ip_address": "127.0.0.1", "user_agent": "Mozilla/5.0 (Windows NT 10.0; Win64; x64) AppleWebKit/537.36 (KHTML, like Gecko) Chrome/147.0.0.0 Safari/537.36", "last_seen": "2026-04-24T11:39:25.481Z", "is_active_session": false}}, {"model": "accounts.loginauditlog", "pk": 26, "fields": {"user": ["shravan@gmail.com"], "login_time": "2026-04-24T12:15:04.506Z", "logout_time": "2026-04-24T12:15:08.076Z", "ip_address": "127.0.0.1", "user_agent": "Mozilla/5.0 (Windows NT 10.0; Win64; x64) AppleWebKit/537.36 (KHTML, like Gecko) Chrome/147.0.0.0 Safari/537.36", "last_seen": "2026-04-24T11:39:25.481Z", "is_active_session": false}}, {"model": "accounts.loginauditlog", "pk": 27, "fields": {"user": ["shravan@gmail.com"], "login_time": "2026-04-24T12:15:24.495Z", "logout_time": "2026-04-24T12:27:32.215Z", "ip_address": "127.0.0.1", "user_agent": "Mozilla/5.0 (Windows NT 10.0; Win64; x64) AppleWebKit/537.36 (KHTML, like Gecko) Chrome/147.0.0.0 Safari/537.36", "last_seen": "2026-04-24T11:39:25.481Z", "is_active_session": false}}, {"model": "accounts.loginauditlog", "pk": 28, "fields": {"user": ["shravan@gmail.com"], "login_time": "2026-04-24T12:15:24.504Z", "logout_time": "2026-04-24T12:27:32.215Z", "ip_address": "127.0.0.1", "user_agent": "Mozilla/5.0 (Windows NT 10.0; Win64; x64) AppleWebKit/537.36 (KHTML, like Gecko) Chrome/147.0.0.0 Safari/537.36", "last_seen": "2026-04-24T11:39:25.481Z", "is_active_session": false}}, {"model": "accounts.loginauditlog", "pk": 29, "fields": {"user": ["shravan@gmail.com"], "login_time": "2026-04-24T12:27:46.095Z", "logout_time": null, "ip_address": "127.0.0.1", "user_agent": "Mozilla/5.0 (Windows NT 10.0; Win64; x64) AppleWebKit/537.36 (KHTML, like Gecko) Chrome/147.0.0.0 Safari/537.36", "last_seen": "2026-04-24T12:27:08.160Z", "is_active_session": false}}, {"model": "accounts.loginauditlog", "pk": 30, "fields": {"user": ["shravan@gmail.com"], "login_time": "2026-04-24T12:27:46.106Z", "logout_time": null, "ip_address": "127.0.0.1", "user_agent": "Mozilla/5.0 (Windows NT 10.0; Win64; x64) AppleWebKit/537.36 (KHTML, like Gecko) Chrome/147.0.0.0 Safari/537.36", "last_seen": "2026-04-24T12:27:08.160Z", "is_active_session": false}}, {"model": "accounts.loginauditlog", "pk": 31, "fields": {"user": ["shravan@gmail.com"], "login_time": "2026-04-25T04:15:29.321Z", "logout_time": null, "ip_address": "127.0.0.1", "user_agent": "Mozilla/5.0 (Windows NT 10.0; Win64; x64) AppleWebKit/537.36 (KHTML, like Gecko) Chrome/147.0.0.0 Safari/537.36", "last_seen": "2026-04-24T12:27:08.160Z", "is_active_session": false}}, {"model": "accounts.loginauditlog", "pk": 32, "fields": {"user": ["shravan@gmail.com"], "login_time": "2026-04-25T04:15:29.329Z", "logout_time": null, "ip_address": "127.0.0.1", "user_agent": "Mozilla/5.0 (Windows NT 10.0; Win64; x64) AppleWebKit/537.36 (KHTML, like Gecko) Chrome/147.0.0.0 Safari/537.36", "last_seen": "2026-04-24T12:27:08.160Z", "is_active_session": false}}, {"model": "accounts.loginauditlog", "pk": 33, "fields": {"user": ["shravan@gmail.com"], "login_time": "2026-04-27T08:51:56.355Z", "logout_time": null, "ip_address": "127.0.0.1", "user_agent": "Mozilla/5.0 (Windows NT 10.0; Win64; x64) AppleWebKit/537.36 (KHTML, like Gecko) Chrome/147.0.0.0 Safari/537.36", "last_seen": "2026-04-25T07:22:00.737Z", "is_active_session": false}}, {"model": "accounts.loginauditlog", "pk": 34, "fields": {"user": ["shravan@gmail.com"], "login_time": "2026-04-27T08:51:56.363Z", "logout_time": null, "ip_address": "127.0.0.1", "user_agent": "Mozilla/5.0 (Windows NT 10.0; Win64; x64) AppleWebKit/537.36 (KHTML, like Gecko) Chrome/147.0.0.0 Safari/537.36", "last_seen": "2026-04-25T07:22:00.737Z", "is_active_session": false}}, {"model": "accounts.loginauditlog", "pk": 35, "fields": {"user": ["shravan@gmail.com"], "login_time": "2026-04-28T05:04:44.898Z", "logout_time": null, "ip_address": "127.0.0.1", "user_agent": "Mozilla/5.0 (Windows NT 10.0; Win64; x64) AppleWebKit/537.36 (KHTML, like Gecko) Chrome/147.0.0.0 Safari/537.36", "last_seen": "2026-04-27T11:57:47.300Z", "is_active_session": false}}, {"model": "accounts.loginauditlog", "pk": 36, "fields": {"user": ["shravan@gmail.com"], "login_time": "2026-04-28T05:04:44.915Z", "logout_time": null, "ip_address": "127.0.0.1", "user_agent": "Mozilla/5.0 (Windows NT 10.0; Win64; x64) AppleWebKit/537.36 (KHTML, like Gecko) Chrome/147.0.0.0 Safari/537.36", "last_seen": "2026-04-27T11:57:47.300Z", "is_active_session": false}}, {"model": "accounts.loginauditlog", "pk": 37, "fields": {"user": ["shravan@gmail.com"], "login_time": "2026-04-29T06:01:59.570Z", "logout_time": null, "ip_address": "127.0.0.1", "user_agent": "Mozilla/5.0 (Windows NT 10.0; Win64; x64) AppleWebKit/537.36 (KHTML, like Gecko) Chrome/147.0.0.0 Safari/537.36", "last_seen": "2026-04-29T06:01:37.048Z", "is_active_session": false}}, {"model": "accounts.loginauditlog", "pk": 38, "fields": {"user": ["shravan@gmail.com"], "login_time": "2026-04-29T06:01:59.578Z", "logout_time": null, "ip_address": "127.0.0.1", "user_agent": "Mozilla/5.0 (Windows NT 10.0; Win64; x64) AppleWebKit/537.36 (KHTML, like Gecko) Chrome/147.0.0.0 Safari/537.36", "last_seen": "2026-04-29T06:01:37.048Z", "is_active_session": false}}, {"model": "accounts.loginauditlog", "pk": 39, "fields": {"user": ["shravan@gmail.com"], "login_time": "2026-04-30T04:41:17.436Z", "logout_time": null, "ip_address": "127.0.0.1", "user_agent": "Mozilla/5.0 (Windows NT 10.0; Win64; x64) AppleWebKit/537.36 (KHTML, like Gecko) Chrome/147.0.0.0 Safari/537.36", "last_seen": "2026-04-29T10:41:49.566Z", "is_active_session": false}}, {"model": "accounts.loginauditlog", "pk": 40, "fields": {"user": ["shravan@gmail.com"], "login_time": "2026-04-30T04:41:17.449Z", "logout_time": null, "ip_address": "127.0.0.1", "user_agent": "Mozilla/5.0 (Windows NT 10.0; Win64; x64) AppleWebKit/537.36 (KHTML, like Gecko) Chrome/147.0.0.0 Safari/537.36", "last_seen": "2026-04-29T10:41:49.566Z", "is_active_session": false}}, {"model": "accounts.loginauditlog", "pk": 41, "fields": {"user": ["shravan@gmail.com"], "login_time": "2026-05-04T04:45:16.727Z", "logout_time": null, "ip_address": "127.0.0.1", "user_agent": "Mozilla/5.0 (Windows NT 10.0; Win64; x64) AppleWebKit/537.36 (KHTML, like Gecko) Chrome/147.0.0.0 Safari/537.36", "last_seen": "2026-04-30T06:26:35.248Z", "is_active_session": false}}, {"model": "accounts.loginauditlog", "pk": 42, "fields": {"user": ["shravan@gmail.com"], "login_time": "2026-05-04T04:45:16.741Z", "logout_time": null, "ip_address": "127.0.0.1", "user_agent": "Mozilla/5.0 (Windows NT 10.0; Win64; x64) AppleWebKit/537.36 (KHTML, like Gecko) Chrome/147.0.0.0 Safari/537.36", "last_seen": "2026-04-30T06:26:35.248Z", "is_active_session": false}}, {"model": "accounts.loginauditlog", "pk": 43, "fields": {"user": ["shravan@gmail.com"], "login_time": "2026-05-04T06:06:04.483Z", "logout_time": null, "ip_address": "127.0.0.1", "user_agent": "Mozilla/5.0 (Windows NT 10.0; Win64; x64) AppleWebKit/537.36 (KHTML, like Gecko) Chrome/147.0.0.0 Safari/537.36", "last_seen": "2026-05-04T06:05:45.618Z", "is_active_session": false}}, {"model": "accounts.loginauditlog", "pk": 44, "fields": {"user": ["shravan@gmail.com"], "login_time": "2026-05-04T06:06:04.490Z", "logout_time": null, "ip_address": "127.0.0.1", "user_agent": "Mozilla/5.0 (Windows NT 10.0; Win64; x64) AppleWebKit/537.36 (KHTML, like Gecko) Chrome/147.0.0.0 Safari/537.36", "last_seen": "2026-05-04T06:05:45.618Z", "is_active_session": false}}, {"model": "accounts.loginauditlog", "pk": 45, "fields": {"user": ["shravan@gmail.com"], "login_time": "2026-05-05T04:08:40.261Z", "logout_time": null, "ip_address": "127.0.0.1", "user_agent": "Mozilla/5.0 (Windows NT 10.0; Win64; x64) AppleWebKit/537.36 (KHTML, like Gecko) Chrome/147.0.0.0 Safari/537.36", "last_seen": "2026-05-04T12:28:22.092Z", "is_active_session": false}}, {"model": "accounts.loginauditlog", "pk": 46, "fields": {"user": ["shravan@gmail.com"], "login_time": "2026-05-05T04:08:40.261Z", "logout_time": null, "ip_address": "127.0.0.1", "user_agent": "Mozilla/5.0 (Windows NT 10.0; Win64; x64) AppleWebKit/537.36 (KHTML, like Gecko) Chrome/147.0.0.0 Safari/537.36", "last_seen": "2026-05-04T12:28:22.092Z", "is_active_session": false}}, {"model": "accounts.loginauditlog", "pk": 47, "fields": {"user": ["shravan@gmail.com"], "login_time": "2026-05-06T10:13:25.688Z", "logout_time": null, "ip_address": "127.0.0.1", "user_agent": "Mozilla/5.0 (Windows NT 10.0; Win64; x64) AppleWebKit/537.36 (KHTML, like Gecko) Chrome/147.0.0.0 Safari/537.36", "last_seen": "2026-05-06T10:12:57.395Z", "is_active_session": false}}, {"model": "accounts.loginauditlog", "pk": 48, "fields": {"user": ["shravan@gmail.com"], "login_time": "2026-05-06T10:13:25.697Z", "logout_time": null, "ip_address": "127.0.0.1", "user_agent": "Mozilla/5.0 (Windows NT 10.0; Win64; x64) AppleWebKit/537.36 (KHTML, like Gecko) Chrome/147.0.0.0 Safari/537.36", "last_seen": "2026-05-06T10:12:57.395Z", "is_active_session": false}}, {"model": "accounts.loginauditlog", "pk": 49, "fields": {"user": ["shravan@gmail.com"], "login_time": "2026-05-07T08:49:30.525Z", "logout_time": null, "ip_address": "127.0.0.1", "user_agent": "Mozilla/5.0 (Windows NT 10.0; Win64; x64) AppleWebKit/537.36 (KHTML, like Gecko) Chrome/147.0.0.0 Safari/537.36", "last_seen": "2026-05-07T04:07:50.900Z", "is_active_session": false}}, {"model": "accounts.loginauditlog", "pk": 50, "fields": {"user": ["shravan@gmail.com"], "login_time": "2026-05-07T08:49:30.525Z", "logout_time": null, "ip_address": "127.0.0.1", "user_agent": "Mozilla/5.0 (Windows NT 10.0; Win64; x64) AppleWebKit/537.36 (KHTML, like Gecko) Chrome/147.0.0.0 Safari/537.36", "last_seen": "2026-05-07T04:07:50.900Z", "is_active_session": false}}, {"model": "accounts.loginauditlog", "pk": 51, "fields": {"user": ["shravan@gmail.com"], "login_time": "2026-05-08T04:09:24.372Z", "logout_time": null, "ip_address": "127.0.0.1", "user_agent": "Mozilla/5.0 (Windows NT 10.0; Win64; x64) AppleWebKit/537.36 (KHTML, like Gecko) Chrome/147.0.0.0 Safari/537.36", "last_seen": "2026-05-08T04:09:05.384Z", "is_active_session": false}}, {"model": "accounts.loginauditlog", "pk": 52, "fields": {"user": ["shravan@gmail.com"], "login_time": "2026-05-08T04:09:24.381Z", "logout_time": null, "ip_address": "127.0.0.1", "user_agent": "Mozilla/5.0 (Windows NT 10.0; Win64; x64) AppleWebKit/537.36 (KHTML, like Gecko) Chrome/147.0.0.0 Safari/537.36", "last_seen": "2026-05-08T04:09:05.384Z", "is_active_session": false}}, {"model": "accounts.loginauditlog", "pk": 53, "fields": {"user": ["shravan@gmail.com"], "login_time": "2026-05-12T11:29:14.266Z", "logout_time": null, "ip_address": "127.0.0.1", "user_agent": "Mozilla/5.0 (Windows NT 10.0; Win64; x64) AppleWebKit/537.36 (KHTML, like Gecko) Chrome/148.0.0.0 Safari/537.36", "last_seen": "2026-05-12T11:16:05.262Z", "is_active_session": false}}, {"model": "accounts.loginauditlog", "pk": 54, "fields": {"user": ["shravan@gmail.com"], "login_time": "2026-05-12T11:29:14.274Z", "logout_time": null, "ip_address": "127.0.0.1", "user_agent": "Mozilla/5.0 (Windows NT 10.0; Win64; x64) AppleWebKit/537.36 (KHTML, like Gecko) Chrome/148.0.0.0 Safari/537.36", "last_seen": "2026-05-12T11:16:05.262Z", "is_active_session": false}}, {"model": "accounts.loginauditlog", "pk": 55, "fields": {"user": ["shravan@gmail.com"], "login_time": "2026-05-13T04:16:15.869Z", "logout_time": "2026-05-13T05:22:42.424Z", "ip_address": "127.0.0.1", "user_agent": "Mozilla/5.0 (Windows NT 10.0; Win64; x64) AppleWebKit/537.36 (KHTML, like Gecko) Chrome/148.0.0.0 Safari/537.36", "last_seen": "2026-05-13T05:22:34.993Z", "is_active_session": false}}, {"model": "accounts.loginauditlog", "pk": 56, "fields": {"user": ["shravan@gmail.com"], "login_time": "2026-05-13T04:16:15.875Z", "logout_time": "2026-05-13T05:22:42.424Z", "ip_address": "127.0.0.1", "user_agent": "Mozilla/5.0 (Windows NT 10.0; Win64; x64) AppleWebKit/537.36 (KHTML, like Gecko) Chrome/148.0.0.0 Safari/537.36", "last_seen": "2026-05-13T05:22:34.993Z", "is_active_session": false}}, {"model": "accounts.loginauditlog", "pk": 57, "fields": {"user": ["shravan@gmail.com"], "login_time": "2026-05-13T05:22:54.202Z", "logout_time": "2026-05-13T05:25:22.052Z", "ip_address": "127.0.0.1", "user_agent": "Mozilla/5.0 (Windows NT 10.0; Win64; x64) AppleWebKit/537.36 (KHTML, like Gecko) Chrome/148.0.0.0 Safari/537.36", "last_seen": "2026-05-13T05:25:13.680Z", "is_active_session": false}}, {"model": "accounts.loginauditlog", "pk": 58, "fields": {"user": ["shravan@gmail.com"], "login_time": "2026-05-13T05:22:54.216Z", "logout_time": "2026-05-13T05:25:22.052Z", "ip_address": "127.0.0.1", "user_agent": "Mozilla/5.0 (Windows NT 10.0; Win64; x64) AppleWebKit/537.36 (KHTML, like Gecko) Chrome/148.0.0.0 Safari/537.36", "last_seen": "2026-05-13T05:25:13.680Z", "is_active_session": false}}, {"model": "accounts.loginauditlog", "pk": 59, "fields": {"user": ["shravan@gmail.com"], "login_time": "2026-05-13T05:25:35.305Z", "logout_time": "2026-05-13T06:21:56.428Z", "ip_address": "127.0.0.1", "user_agent": "Mozilla/5.0 (Windows NT 10.0; Win64; x64) AppleWebKit/537.36 (KHTML, like Gecko) Chrome/148.0.0.0 Safari/537.36", "last_seen": "2026-05-13T06:21:51.309Z", "is_active_session": false}}, {"model": "accounts.loginauditlog", "pk": 60, "fields": {"user": ["shravan@gmail.com"], "login_time": "2026-05-13T05:25:35.317Z", "logout_time": "2026-05-13T06:21:56.428Z", "ip_address": "127.0.0.1", "user_agent": "Mozilla/5.0 (Windows NT 10.0; Win64; x64) AppleWebKit/537.36 (KHTML, like Gecko) Chrome/148.0.0.0 Safari/537.36", "last_seen": "2026-05-13T06:21:51.309Z", "is_active_session": false}}, {"model": "accounts.loginauditlog", "pk": 61, "fields": {"user": ["shravan@gmail.com"], "login_time": "2026-05-13T06:22:05.838Z", "logout_time": "2026-05-13T06:22:05.838Z", "ip_address": "127.0.0.1", "user_agent": "Mozilla/5.0 (Windows NT 10.0; Win64; x64) AppleWebKit/537.36 (KHTML, like Gecko) Chrome/148.0.0.0 Safari/537.36", "last_seen": "2026-05-13T06:21:39.686Z", "is_active_session": false}}, {"model": "accounts.loginauditlog", "pk": 62, "fields": {"user": ["shravan@gmail.com"], "login_time": "2026-05-13T06:22:05.855Z", "logout_time": null, "ip_address": "127.0.0.1", "user_agent": "Mozilla/5.0 (Windows NT 10.0; Win64; x64) AppleWebKit/537.36 (KHTML, like Gecko) Chrome/148.0.0.0 Safari/537.36", "last_seen": "2026-05-13T09:17:22.530Z", "is_active_session": false}}, {"model": "accounts.loginauditlog", "pk": 63, "fields": {"user": ["shravan@gmail.com"], "login_time": "2026-05-20T04:43:12.991Z", "logout_time": "2026-05-20T04:43:13.000Z", "ip_address": "127.0.0.1", "user_agent": "Mozilla/5.0 (Linux; Android 6.0; Nexus 5 Build/MRA58N) AppleWebKit/537.36 (KHTML, like Gecko) Chrome/148.0.0.0 Mobile Safari/537.36", "last_seen": "2026-05-20T04:43:12.990Z", "is_active_session": false}}, {"model": "accounts.loginauditlog", "pk": 64, "fields": {"user": ["shravan@gmail.com"], "login_time": "2026-05-20T04:43:13.010Z", "logout_time": null, "ip_address": "127.0.0.1", "user_agent": "Mozilla/5.0 (Linux; Android 6.0; Nexus 5 Build/MRA58N) AppleWebKit/537.36 (KHTML, like Gecko) Chrome/148.0.0.0 Mobile Safari/537.36", "last_seen": "2026-05-20T04:43:13.009Z", "is_active_session": false}}, {"model": "accounts.loginauditlog", "pk": 65, "fields": {"user": ["shravan@gmail.com"], "login_time": "2026-05-20T04:43:58.728Z", "logout_time": "2026-05-20T04:43:58.738Z", "ip_address": "127.0.0.1", "user_agent": "Mozilla/5.0 (Linux; Android 6.0; Nexus 5 Build/MRA58N) AppleWebKit/537.36 (KHTML, like Gecko) Chrome/148.0.0.0 Mobile Safari/537.36", "last_seen": "2026-05-20T04:43:58.728Z", "is_active_session": false}}, {"model": "accounts.loginauditlog", "pk": 66, "fields": {"user": ["shravan@gmail.com"], "login_time": "2026-05-20T04:43:58.745Z", "logout_time": null, "ip_address": "127.0.0.1", "user_agent": "Mozilla/5.0 (Linux; Android 6.0; Nexus 5 Build/MRA58N) AppleWebKit/537.36 (KHTML, like Gecko) Chrome/148.0.0.0 Mobile Safari/537.36", "last_seen": "2026-05-20T04:43:58.745Z", "is_active_session": false}}, {"model": "accounts.loginauditlog", "pk": 67, "fields": {"user": ["shravan@gmail.com"], "login_time": "2026-05-20T04:45:03.028Z", "logout_time": "2026-05-20T04:45:03.035Z", "ip_address": "127.0.0.1", "user_agent": "Mozilla/5.0 (Linux; Android 6.0; Nexus 5 Build/MRA58N) AppleWebKit/537.36 (KHTML, like Gecko) Chrome/148.0.0.0 Mobile Safari/537.36", "last_seen": "2026-05-20T04:45:03.028Z", "is_active_session": false}}, {"model": "accounts.loginauditlog", "pk": 68, "fields": {"user": ["shravan@gmail.com"], "login_time": "2026-05-20T04:45:03.044Z", "logout_time": null, "ip_address": "127.0.0.1", "user_agent": "Mozilla/5.0 (Linux; Android 6.0; Nexus 5 Build/MRA58N) AppleWebKit/537.36 (KHTML, like Gecko) Chrome/148.0.0.0 Mobile Safari/537.36", "last_seen": "2026-05-20T04:45:03.043Z", "is_active_session": false}}, {"model": "accounts.loginauditlog", "pk": 69, "fields": {"user": ["shravan@gmail.com"], "login_time": "2026-05-20T04:52:52.537Z", "logout_time": "2026-05-20T04:52:52.546Z", "ip_address": "127.0.0.1", "user_agent": "Mozilla/5.0 (Windows NT 10.0; Win64; x64) AppleWebKit/537.36 (KHTML, like Gecko) Chrome/148.0.0.0 Safari/537.36", "last_seen": "2026-05-20T04:52:52.537Z", "is_active_session": false}}, {"model": "accounts.loginauditlog", "pk": 70, "fields": {"user": ["shravan@gmail.com"], "login_time": "2026-05-20T04:52:52.553Z", "logout_time": "2026-05-20T04:53:48.061Z", "ip_address": "127.0.0.1", "user_agent": "Mozilla/5.0 (Windows NT 10.0; Win64; x64) AppleWebKit/537.36 (KHTML, like Gecko) Chrome/148.0.0.0 Safari/537.36", "last_seen": "2026-05-20T04:53:44.481Z", "is_active_session": false}}, {"model": "accounts.loginauditlog", "pk": 71, "fields": {"user": ["sarath@gmail.com"], "login_time": "2026-05-20T04:54:01.402Z", "logout_time": "2026-05-20T04:54:01.410Z", "ip_address": "127.0.0.1", "user_agent": "Mozilla/5.0 (Windows NT 10.0; Win64; x64) AppleWebKit/537.36 (KHTML, like Gecko) Chrome/148.0.0.0 Safari/537.36", "last_seen": "2026-05-20T04:54:01.402Z", "is_active_session": false}}, {"model": "accounts.loginauditlog", "pk": 72, "fields": {"user": ["sarath@gmail.com"], "login_time": "2026-05-20T04:54:01.416Z", "logout_time": "2026-05-20T06:19:42.621Z", "ip_address": "127.0.0.1", "user_agent": "Mozilla/5.0 (Windows NT 10.0; Win64; x64) AppleWebKit/537.36 (KHTML, like Gecko) Chrome/148.0.0.0 Safari/537.36", "last_seen": "2026-05-20T04:54:01.416Z", "is_active_session": false}}, {"model": "accounts.loginauditlog", "pk": 73, "fields": {"user": ["shravan@gmail.com"], "login_time": "2026-05-20T06:19:54.376Z", "logout_time": "2026-05-20T06:19:54.392Z", "ip_address": "127.0.0.1", "user_agent": "Mozilla/5.0 (Windows NT 10.0; Win64; x64) AppleWebKit/537.36 (KHTML, like Gecko) Chrome/148.0.0.0 Safari/537.36", "last_seen": "2026-05-20T06:19:54.376Z", "is_active_session": false}}, {"model": "accounts.loginauditlog", "pk": 74, "fields": {"user": ["shravan@gmail.com"], "login_time": "2026-05-20T06:19:54.392Z", "logout_time": "2026-05-20T06:43:10.105Z", "ip_address": "127.0.0.1", "user_agent": "Mozilla/5.0 (Windows NT 10.0; Win64; x64) AppleWebKit/537.36 (KHTML, like Gecko) Chrome/148.0.0.0 Safari/537.36", "last_seen": "2026-05-20T06:43:00.045Z", "is_active_session": false}}, {"model": "accounts.loginauditlog", "pk": 75, "fields": {"user": ["sarath@gmail.com"], "login_time": "2026-05-20T06:43:23.077Z", "logout_time": "2026-05-20T06:43:23.094Z", "ip_address": "127.0.0.1", "user_agent": "Mozilla/5.0 (Windows NT 10.0; Win64; x64) AppleWebKit/537.36 (KHTML, like Gecko) Chrome/148.0.0.0 Safari/537.36", "last_seen": "2026-05-20T06:43:23.077Z", "is_active_session": false}}, {"model": "accounts.loginauditlog", "pk": 76, "fields": {"user": ["sarath@gmail.com"], "login_time": "2026-05-20T06:43:23.095Z", "logout_time": null, "ip_address": "127.0.0.1", "user_agent": "Mozilla/5.0 (Windows NT 10.0; Win64; x64) AppleWebKit/537.36 (KHTML, like Gecko) Chrome/148.0.0.0 Safari/537.36", "last_seen": "2026-05-20T06:43:23.095Z", "is_active_session": false}}, {"model": "accounts.loginauditlog", "pk": 77, "fields": {"user": ["sarath@gmail.com"], "login_time": "2026-05-20T08:41:12.465Z", "logout_time": "2026-05-20T08:41:12.477Z", "ip_address": "127.0.0.1", "user_agent": "Mozilla/5.0 (Linux; Android 6.0; Nexus 5 Build/MRA58N) AppleWebKit/537.36 (KHTML, like Gecko) Chrome/148.0.0.0 Mobile Safari/537.36", "last_seen": "2026-05-20T08:41:12.464Z", "is_active_session": false}}, {"model": "accounts.loginauditlog", "pk": 78, "fields": {"user": ["sarath@gmail.com"], "login_time": "2026-05-20T08:41:12.487Z", "logout_time": "2026-05-20T10:33:57.545Z", "ip_address": "127.0.0.1", "user_agent": "Mozilla/5.0 (Linux; Android 6.0; Nexus 5 Build/MRA58N) AppleWebKit/537.36 (KHTML, like Gecko) Chrome/148.0.0.0 Mobile Safari/537.36", "last_seen": "2026-05-20T08:41:12.487Z", "is_active_session": false}}, {"model": "accounts.loginauditlog", "pk": 79, "fields": {"user": ["sarath@gmail.com"], "login_time": "2026-05-20T10:34:19.753Z", "logout_time": "2026-05-20T10:34:19.768Z", "ip_address": "127.0.0.1", "user_agent": "Mozilla/5.0 (Windows NT 10.0; Win64; x64) AppleWebKit/537.36 (KHTML, like Gecko) Chrome/148.0.0.0 Safari/537.36", "last_seen": "2026-05-20T10:34:19.753Z", "is_active_session": false}}, {"model": "accounts.loginauditlog", "pk": 80, "fields": {"user": ["sarath@gmail.com"], "login_time": "2026-05-20T10:34:19.768Z", "logout_time": null, "ip_address": "127.0.0.1", "user_agent": "Mozilla/5.0 (Windows NT 10.0; Win64; x64) AppleWebKit/537.36 (KHTML, like Gecko) Chrome/148.0.0.0 Safari/537.36", "last_seen": "2026-05-20T10:34:19.768Z", "is_active_session": false}}, {"model": "accounts.loginauditlog", "pk": 81, "fields": {"user": ["sarath@gmail.com"], "login_time": "2026-05-22T09:02:53.539Z", "logout_time": "2026-05-22T09:02:53.548Z", "ip_address": "127.0.0.1", "user_agent": "Mozilla/5.0 (Windows NT 10.0; Win64; x64) AppleWebKit/537.36 (KHTML, like Gecko) Chrome/148.0.0.0 Safari/537.36", "last_seen": "2026-05-22T09:02:53.539Z", "is_active_session": false}}, {"model": "accounts.loginauditlog", "pk": 82, "fields": {"user": ["sarath@gmail.com"], "login_time": "2026-05-22T09:02:53.554Z", "logout_time": null, "ip_address": "127.0.0.1", "user_agent": "Mozilla/5.0 (Windows NT 10.0; Win64; x64) AppleWebKit/537.36 (KHTML, like Gecko) Chrome/148.0.0.0 Safari/537.36", "last_seen": "2026-05-22T09:02:53.554Z", "is_active_session": false}}, {"model": "accounts.loginauditlog", "pk": 83, "fields": {"user": ["sarath@gmail.com"], "login_time": "2026-05-22T09:05:42.083Z", "logout_time": "2026-05-22T09:05:42.099Z", "ip_address": "127.0.0.1", "user_agent": "Mozilla/5.0 (Windows NT 10.0; Win64; x64) AppleWebKit/537.36 (KHTML, like Gecko) Chrome/148.0.0.0 Safari/537.36", "last_seen": "2026-05-22T09:05:42.083Z", "is_active_session": false}}, {"model": "accounts.loginauditlog", "pk": 84, "fields": {"user": ["sarath@gmail.com"], "login_time": "2026-05-22T09:05:42.108Z", "logout_time": null, "ip_address": "127.0.0.1", "user_agent": "Mozilla/5.0 (Windows NT 10.0; Win64; x64) AppleWebKit/537.36 (KHTML, like Gecko) Chrome/148.0.0.0 Safari/537.36", "last_seen": "2026-05-22T09:05:42.108Z", "is_active_session": false}}, {"model": "accounts.loginauditlog", "pk": 85, "fields": {"user": ["sarath@gmail.com"], "login_time": "2026-05-22T09:07:42.130Z", "logout_time": "2026-05-22T09:07:42.139Z", "ip_address": "127.0.0.1", "user_agent": "Mozilla/5.0 (Windows NT 10.0; Win64; x64) AppleWebKit/537.36 (KHTML, like Gecko) Chrome/148.0.0.0 Safari/537.36", "last_seen": "2026-05-22T09:07:42.130Z", "is_active_session": false}}, {"model": "accounts.loginauditlog", "pk": 86, "fields": {"user": ["sarath@gmail.com"], "login_time": "2026-05-22T09:07:42.147Z", "logout_time": null, "ip_address": "127.0.0.1", "user_agent": "Mozilla/5.0 (Windows NT 10.0; Win64; x64) AppleWebKit/537.36 (KHTML, like Gecko) Chrome/148.0.0.0 Safari/537.36", "last_seen": "2026-05-22T09:07:42.147Z", "is_active_session": false}}, {"model": "accounts.loginauditlog", "pk": 87, "fields": {"user": ["sarath@gmail.com"], "login_time": "2026-05-23T04:25:51.571Z", "logout_time": "2026-05-23T04:25:51.578Z", "ip_address": "127.0.0.1", "user_agent": "Mozilla/5.0 (Windows NT 10.0; Win64; x64) AppleWebKit/537.36 (KHTML, like Gecko) Chrome/148.0.0.0 Safari/537.36", "last_seen": "2026-05-23T04:25:51.570Z", "is_active_session": false}}, {"model": "accounts.loginauditlog", "pk": 88, "fields": {"user": ["sarath@gmail.com"], "login_time": "2026-05-23T04:25:51.578Z", "logout_time": null, "ip_address": "127.0.0.1", "user_agent": "Mozilla/5.0 (Windows NT 10.0; Win64; x64) AppleWebKit/537.36 (KHTML, like Gecko) Chrome/148.0.0.0 Safari/537.36", "last_seen": "2026-05-23T04:25:51.578Z", "is_active_session": false}}, {"model": "accounts.loginauditlog", "pk": 89, "fields": {"user": ["shravan@gmail.com"], "login_time": "2026-05-23T05:20:25.395Z", "logout_time": "2026-05-23T05:33:51.736Z", "ip_address": "127.0.0.1", "user_agent": "Mozilla/5.0 (Windows NT 10.0; Win64; x64) AppleWebKit/537.36 (KHTML, like Gecko) Chrome/148.0.0.0 Safari/537.36", "last_seen": "2026-05-23T05:20:25.395Z", "is_active_session": false}}, {"model": "accounts.loginauditlog", "pk": 90, "fields": {"user": ["shravan@gmail.com"], "login_time": "2026-05-23T05:34:08.422Z", "logout_time": "2026-05-23T05:34:08.429Z", "ip_address": "127.0.0.1", "user_agent": "Mozilla/5.0 (Windows NT 10.0; Win64; x64) AppleWebKit/537.36 (KHTML, like Gecko) Chrome/148.0.0.0 Safari/537.36", "last_seen": "2026-05-23T05:34:08.422Z", "is_active_session": false}}, {"model": "accounts.loginauditlog", "pk": 91, "fields": {"user": ["shravan@gmail.com"], "login_time": "2026-05-23T05:34:08.435Z", "logout_time": "2026-05-23T05:34:25.338Z", "ip_address": "127.0.0.1", "user_agent": "Mozilla/5.0 (Windows NT 10.0; Win64; x64) AppleWebKit/537.36 (KHTML, like Gecko) Chrome/148.0.0.0 Safari/537.36", "last_seen": "2026-05-23T05:34:08.556Z", "is_active_session": false}}, {"model": "accounts.loginauditlog", "pk": 92, "fields": {"user": ["shravan@gmail.com"], "login_time": "2026-05-23T05:39:58.077Z", "logout_time": "2026-05-23T05:39:58.083Z", "ip_address": "127.0.0.1", "user_agent": "Mozilla/5.0 (Linux; Android 6.0; Nexus 5 Build/MRA58N) AppleWebKit/537.36 (KHTML, like Gecko) Chrome/148.0.0.0 Mobile Safari/537.36", "last_seen": "2026-05-23T05:39:58.077Z", "is_active_session": false}}, {"model": "accounts.loginauditlog", "pk": 93, "fields": {"user": ["shravan@gmail.com"], "login_time": "2026-05-23T05:39:58.085Z", "logout_time": "2026-05-23T05:40:26.260Z", "ip_address": "127.0.0.1", "user_agent": "Mozilla/5.0 (Linux; Android 6.0; Nexus 5 Build/MRA58N) AppleWebKit/537.36 (KHTML, like Gecko) Chrome/148.0.0.0 Mobile Safari/537.36", "last_seen": "2026-05-23T05:39:58.240Z", "is_active_session": false}}, {"model": "accounts.loginauditlog", "pk": 94, "fields": {"user": ["sarath@gmail.com"], "login_time": "2026-05-23T05:40:36.756Z", "logout_time": "2026-05-23T05:40:36.763Z", "ip_address": "127.0.0.1", "user_agent": "Mozilla/5.0 (Linux; Android 6.0; Nexus 5 Build/MRA58N) AppleWebKit/537.36 (KHTML, like Gecko) Chrome/148.0.0.0 Mobile Safari/537.36", "last_seen": "2026-05-23T05:40:36.756Z", "is_active_session": false}}, {"model": "accounts.loginauditlog", "pk": 95, "fields": {"user": ["sarath@gmail.com"], "login_time": "2026-05-23T05:40:36.768Z", "logout_time": "2026-05-23T05:46:05.299Z", "ip_address": "127.0.0.1", "user_agent": "Mozilla/5.0 (Linux; Android 6.0; Nexus 5 Build/MRA58N) AppleWebKit/537.36 (KHTML, like Gecko) Chrome/148.0.0.0 Mobile Safari/537.36", "last_seen": "2026-05-23T05:40:36.768Z", "is_active_session": false}}, {"model": "accounts.loginauditlog", "pk": 96, "fields": {"user": ["sarath@gmail.com"], "login_time": "2026-05-23T05:46:17.297Z", "logout_time": "2026-05-23T05:46:17.304Z", "ip_address": "127.0.0.1", "user_agent": "Mozilla/5.0 (Linux; Android 6.0; Nexus 5 Build/MRA58N) AppleWebKit/537.36 (KHTML, like Gecko) Chrome/148.0.0.0 Mobile Safari/537.36", "last_seen": "2026-05-23T05:46:17.297Z", "is_active_session": false}}, {"model": "accounts.loginauditlog", "pk": 97, "fields": {"user": ["sarath@gmail.com"], "login_time": "2026-05-23T05:46:17.310Z", "logout_time": null, "ip_address": "127.0.0.1", "user_agent": "Mozilla/5.0 (Linux; Android 6.0; Nexus 5 Build/MRA58N) AppleWebKit/537.36 (KHTML, like Gecko) Chrome/148.0.0.0 Mobile Safari/537.36", "last_seen": "2026-05-23T05:46:17.310Z", "is_active_session": true}}, {"model": "appointments.opticket", "pk": 1, "fields": {"token_number": 1, "date": "2026-05-20", "patient": 5, "assigned_doctor": ["anjali@gmail.com"], "department": 7, "visit_reason": "CONSULTATION", "status": "WAITING", "notes": "First visit", "payment_done": true, "created_by": ["sarath@gmail.com"], "created_at": "2026-05-20T06:53:03.973Z", "updated_at": "2026-05-20T06:53:03.973Z"}}, {"model": "appointments.opticket", "pk": 2, "fields": {"token_number": 2, "date": "2026-05-20", "patient": 5, "assigned_doctor": ["anjali@gmail.com"], "department": 7, "visit_reason": "CONSULTATION", "status": "WAITING", "notes": "First visit", "payment_done": true, "created_by": ["sarath@gmail.com"], "created_at": "2026-05-20T07:01:29.125Z", "updated_at": "2026-05-20T07:01:29.125Z"}}, {"model": "appointments.opticket", "pk": 3, "fields": {"token_number": 3, "date": "2026-05-20", "patient": 5, "assigned_doctor": ["anjali@gmail.com"], "department": 7, "visit_reason": "CONSULTATION", "status": "WAITING", "notes": "First visit", "payment_done": true, "created_by": ["sarath@gmail.com"], "created_at": "2026-05-20T07:01:30.508Z", "updated_at": "2026-05-20T07:01:30.508Z"}}, {"model": "appointments.opticket", "pk": 4, "fields": {"token_number": 4, "date": "2026-05-20", "patient": 5, "assigned_doctor": ["anjali@gmail.com"], "department": 7, "visit_reason": "CONSULTATION", "status": "WAITING", "notes": "First visit", "payment_done": true, "created_by": ["sarath@gmail.com"], "created_at": "2026-05-20T07:01:31.241Z", "updated_at": "2026-05-20T07:01:31.241Z"}}, {"model": "appointments.opticket", "pk": 5, "fields": {"token_number": 5, "date": "2026-05-20", "patient": 5, "assigned_doctor": ["anjali@gmail.com"], "department": 7, "visit_reason": "CONSULTATION", "status": "WAITING", "notes": "First visit", "payment_done": true, "created_by": ["sarath@gmail.com"], "created_at": "2026-05-20T07:03:12.232Z", "updated_at": "2026-05-20T07:03:12.232Z"}}, {"model": "appointments.opticket", "pk": 6, "fields": {"token_number": 6, "date": "2026-05-20", "patient": 5, "assigned_doctor": ["anjali@gmail.com"], "department": 7, "visit_reason": "CONSULTATION", "status": "WAITING", "notes": "First visit", "payment_done": true, "created_by": ["sarath@gmail.com"], "created_at": "2026-05-20T07:03:13.331Z", "updated_at": "2026-05-20T07:03:13.331Z"}}, {"model": "appointments.opticket", "pk": 7, "fields": {"token_number": 7, "date": "2026-05-20", "patient": 5, "assigned_doctor": ["anjali@gmail.com"], "department": 7, "visit_reason": "CONSULTATION", "status": "WAITING", "notes": "First visit", "payment_done": true, "created_by": ["sarath@gmail.com"], "created_at": "2026-05-20T07:03:14.145Z", "updated_at": "2026-05-20T07:03:14.145Z"}}, {"model": "appointments.opticket", "pk": 8, "fields": {"token_number": 8, "date": "2026-05-20", "patient": 5, "assigned_doctor": ["anjali@gmail.com"], "department": 7, "visit_reason": "CONSULTATION", "status": "WAITING", "notes": "First visit", "payment_done": true, "created_by": ["sarath@gmail.com"], "created_at": "2026-05-20T07:03:44.829Z", "updated_at": "2026-05-20T07:03:44.829Z"}}, {"model": "appointments.opticket", "pk": 9, "fields": {"token_number": 1, "date": "2026-05-22", "patient": 5, "assigned_doctor": ["anjali@gmail.com"], "department": 7, "visit_reason": "LAB_COLLECTION", "status": "DONE", "notes": "lab sample collection", "payment_done": true, "created_by": ["sarath@gmail.com"], "created_at": "2026-05-22T09:08:32.412Z", "updated_at": "2026-05-22T09:14:03.394Z"}}, {"model": "appointments.opticket", "pk": 10, "fields": {"token_number": 2, "date": "2026-05-22", "patient": 2, "assigned_doctor": ["anjali@gmail.com"], "department": 11, "visit_reason": "SCAN", "status": "IN_CONSULT", "notes": "checkup", "payment_done": true, "created_by": ["sarath@gmail.com"], "created_at": "2026-05-22T09:32:34.431Z", "updated_at": "2026-05-22T09:32:45.231Z"}}, {"model": "appointments.opticket", "pk": 11, "fields": {"token_number": 1, "date": "2026-05-23", "patient": 1, "assigned_doctor": ["anjali@gmail.com"], "department": 7, "visit_reason": "FOLLOW_UP", "status": "WAITING", "notes": "3rd visit", "payment_done": true, "created_by": ["sarath@gmail.com"], "created_at": "2026-05-23T04:26:25.661Z", "updated_at": "2026-05-23T04:26:25.661Z"}}, {"model": "appointments.opticket", "pk": 12, "fields": {"token_number": 2, "date": "2026-05-23", "patient": 5, "assigned_doctor": ["anjali@gmail.com"], "department": 7, "visit_reason": "CONSULTATION", "status": "WAITING", "notes": "4th visit", "payment_done": true, "created_by": ["sarath@gmail.com"], "created_at": "2026-05-23T04:47:23.280Z", "updated_at": "2026-05-23T04:47:23.280Z"}}, {"model": "appointments.opticket", "pk": 13, "fields": {"token_number": 3, "date": "2026-05-23", "patient": 5, "assigned_doctor": ["anjali@gmail.com"], "department": 8, "visit_reason": "LAB_COLLECTION", "status": "WAITING", "notes": "hello", "payment_done": true, "created_by": ["sarath@gmail.com"], "created_at": "2026-05-23T05:16:33.915Z", "updated_at": "2026-05-23T05:16:33.915Z"}}, {"model": "departments.department", "pk": 1, "fields": {"name": "Administration & Management", "code": "ADM", "description": "", "head": null, "is_active": true, "created_at": "2026-04-29T09:53:55.210Z", "updated_at": "2026-04-29T09:53:55.210Z"}}, {"model": "departments.department", "pk": 2, "fields": {"name": "HR & Payroll", "code": "HRM", "description": "", "head": ["sarath3@gmail.com"], "is_active": true, "created_at": "2026-04-29T09:53:55.221Z", "updated_at": "2026-05-05T09:35:01.699Z"}}, {"model": "departments.department", "pk": 3, "fields": {"name": "Reception & Front Desk", "code": "REC", "description": "", "head": ["shravan1@gmail.com"], "is_active": true, "created_at": "2026-04-29T09:53:55.229Z", "updated_at": "2026-05-05T04:44:00.319Z"}}, {"model": "departments.department", "pk": 4, "fields": {"name": "Clinical Counselling", "code": "CCO", "description": "", "head": null, "is_active": true, "created_at": "2026-04-29T09:53:55.237Z", "updated_at": "2026-04-29T09:53:55.237Z"}}, {"model": "departments.department", "pk": 5, "fields": {"name": "Financial Counselling", "code": "FCO", "description": "", "head": null, "is_active": true, "created_at": "2026-04-29T09:53:55.251Z", "updated_at": "2026-04-29T09:53:55.251Z"}}, {"model": "departments.department", "pk": 6, "fields": {"name": "Department of Advanced Reproduction", "code": "END", "description": "", "head": null, "is_active": true, "created_at": "2026-04-29T09:53:55.259Z", "updated_at": "2026-04-29T09:53:55.259Z"}}, {"model": "departments.department", "pk": 7, "fields": {"name": "Gynaecology", "code": "GYN", "description": "", "head": null, "is_active": true, "created_at": "2026-04-29T09:53:55.270Z", "updated_at": "2026-04-29T09:53:55.272Z"}}, {"model": "departments.department", "pk": 8, "fields": {"name": "Anaesthesiology", "code": "ANE", "description": "", "head": null, "is_active": true, "created_at": "2026-04-29T09:53:55.278Z", "updated_at": "2026-04-29T09:53:55.278Z"}}, {"model": "departments.department", "pk": 9, "fields": {"name": "Embryology & IVF Lab", "code": "EMB", "description": "", "head": null, "is_active": true, "created_at": "2026-04-29T09:53:55.286Z", "updated_at": "2026-04-29T09:53:55.286Z"}}, {"model": "departments.department", "pk": 10, "fields": {"name": "Andrology", "code": "AND", "description": "", "head": null, "is_active": true, "created_at": "2026-04-29T09:53:55.296Z", "updated_at": "2026-04-29T09:53:55.296Z"}}, {"model": "departments.department", "pk": 11, "fields": {"name": "Laboratory(General)", "code": "TEC", "description": "", "head": null, "is_active": true, "created_at": "2026-04-29T09:53:55.303Z", "updated_at": "2026-04-29T09:53:55.303Z"}}, {"model": "departments.department", "pk": 12, "fields": {"name": "Nursing", "code": "NUR", "description": "", "head": ["sarath8@gmail.com"], "is_active": true, "created_at": "2026-04-29T09:53:55.310Z", "updated_at": "2026-05-05T09:25:39.168Z"}}, {"model": "departments.department", "pk": 13, "fields": {"name": "Pharmacy", "code": "PHA", "description": "", "head": null, "is_active": true, "created_at": "2026-04-29T09:53:55.318Z", "updated_at": "2026-04-29T09:53:55.318Z"}}, {"model": "departments.staffdepartmentassignment", "pk": 3, "fields": {"user": ["sarath8@gmail.com"], "department": 12, "unit": "", "notes": "", "role_in_dept": "PRIMARY", "assigned_on": "2026-04-29", "assigned_until": null, "is_active": true}}, {"model": "departments.staffdepartmentassignment", "pk": 4, "fields": {"user": ["shravan1@gmail.com"], "department": 9, "unit": "IVF Lab", "notes": "", "role_in_dept": "SECONDARY", "assigned_on": "2026-04-30", "assigned_until": null, "is_active": false}}, {"model": "departments.staffdepartmentassignment", "pk": 5, "fields": {"user": ["sarath8@gmail.com"], "department": 6, "unit": "", "notes": "", "role_in_dept": "SECONDARY", "assigned_on": "2026-04-30", "assigned_until": null, "is_active": false}}, {"model": "departments.staffdepartmentassignment", "pk": 6, "fields": {"user": ["sarath8@gmail.com"], "department": 9, "unit": "IVF Lab", "notes": "", "role_in_dept": "SECONDARY", "assigned_on": "2026-04-30", "assigned_until": null, "is_active": false}}, {"model": "departments.staffdepartmentassignment", "pk": 7, "fields": {"user": ["shravan@gmail.com"], "department": 1, "unit": "", "notes": "", "role_in_dept": "PRIMARY", "assigned_on": "2026-05-04", "assigned_until": null, "is_active": true}}, {"model": "departments.staffdepartmentassignment", "pk": 8, "fields": {"user": ["gayathri@gmail.com"], "department": 2, "unit": "", "notes": "", "role_in_dept": "PRIMARY", "assigned_on": "2026-05-04", "assigned_until": null, "is_active": true}}, {"model": "departments.staffdepartmentassignment", "pk": 9, "fields": {"user": ["abhijitha@gmail.com"], "department": 2, "unit": "", "notes": "", "role_in_dept": "PRIMARY", "assigned_on": "2026-05-04", "assigned_until": null, "is_active": true}}, {"model": "departments.staffdepartmentassignment", "pk": 10, "fields": {"user": ["abhinav@gmail.com"], "department": 2, "unit": "", "notes": "", "role_in_dept": "PRIMARY", "assigned_on": "2026-05-04", "assigned_until": null, "is_active": true}}, {"model": "departments.staffdepartmentassignment", "pk": 11, "fields": {"user": ["shameema@gmail.com"], "department": 3, "unit": "", "notes": "", "role_in_dept": "PRIMARY", "assigned_on": "2026-05-04", "assigned_until": null, "is_active": true}}, {"model": "departments.staffdepartmentassignment", "pk": 12, "fields": {"user": ["shravanac@gmail.com"], "department": 3, "unit": "", "notes": "", "role_in_dept": "PRIMARY", "assigned_on": "2026-05-04", "assigned_until": null, "is_active": true}}, {"model": "departments.staffdepartmentassignment", "pk": 13, "fields": {"user": ["shravan5@gmail.com"], "department": 3, "unit": "", "notes": "", "role_in_dept": "PRIMARY", "assigned_on": "2026-05-04", "assigned_until": null, "is_active": true}}, {"model": "departments.staffdepartmentassignment", "pk": 14, "fields": {"user": ["sarath@gmail.com"], "department": 3, "unit": "", "notes": "", "role_in_dept": "PRIMARY", "assigned_on": "2026-05-04", "assigned_until": null, "is_active": true}}, {"model": "departments.staffdepartmentassignment", "pk": 15, "fields": {"user": ["abhijith@gmail.com"], "department": 1, "unit": "", "notes": "", "role_in_dept": "PRIMARY", "assigned_on": "2026-05-04", "assigned_until": null, "is_active": true}}, {"model": "departments.staffdepartmentassignment", "pk": 16, "fields": {"user": ["abhijith1@gmail.com"], "department": 2, "unit": "", "notes": "", "role_in_dept": "PRIMARY", "assigned_on": "2026-05-04", "assigned_until": null, "is_active": true}}, {"model": "departments.staffdepartmentassignment", "pk": 17, "fields": {"user": ["sarath2@gmail.com"], "department": 2, "unit": "", "notes": "", "role_in_dept": "PRIMARY", "assigned_on": "2026-05-04", "assigned_until": null, "is_active": true}}, {"model": "departments.staffdepartmentassignment", "pk": 18, "fields": {"user": ["sarath3@gmail.com"], "department": 2, "unit": "", "notes": "", "role_in_dept": "PRIMARY", "assigned_on": "2026-05-04", "assigned_until": null, "is_active": true}}, {"model": "departments.staffdepartmentassignment", "pk": 19, "fields": {"user": ["sarath8@gmail.com"], "department": 7, "unit": "OT", "notes": "", "role_in_dept": "SECONDARY", "assigned_on": "2026-05-04", "assigned_until": null, "is_active": false}}, {"model": "departments.staffdepartmentassignment", "pk": 24, "fields": {"user": ["shravan1@gmail.com"], "department": 12, "unit": "", "notes": "", "role_in_dept": "SECONDARY", "assigned_on": "2026-05-05", "assigned_until": null, "is_active": false}}, {"model": "departments.staffdepartmentassignment", "pk": 25, "fields": {"user": ["shravan1@gmail.com"], "department": 2, "unit": "", "notes": "", "role_in_dept": "PRIMARY", "assigned_on": "2026-05-05", "assigned_until": null, "is_active": true}}, {"model": "departments.staffdepartmentassignment", "pk": 26, "fields": {"user": ["abhinav10@gmail.com"], "department": 12, "unit": "", "notes": "", "role_in_dept": "PRIMARY", "assigned_on": "2026-05-05", "assigned_until": null, "is_active": true}}, {"model": "departments.staffdepartmentassignment", "pk": 27, "fields": {"user": ["anjali@gmail.com"], "department": 7, "unit": "", "notes": "", "role_in_dept": "PRIMARY", "assigned_on": "2026-05-20", "assigned_until": null, "is_active": true}}, {"model": "donor.donorprofile", "pk": 1, "fields": {"donor_code": "DON001", "donor_type": "", "donor_partner": null, "date_of_birth": null, "blood_group": "", "height_cm": null, "weight_kg": null, "eye_color": null, "hair_color": null, "skin_tone": null, "education_level": "", "compensation_packagr": null, "is_anonymous": true, "genetic_screening_cleared": false, "screening_expiry_date": null, "is_active": true, "date_assigned": "2026-03-17"}}, {"model": "donor.donorprofile", "pk": 2, "fields": {"donor_code": "DON002", "donor_type": "", "donor_partner": null, "date_of_birth": null, "blood_group": "", "height_cm": null, "weight_kg": null, "eye_color": null, "hair_color": null, "skin_tone": null, "education_level": null, "compensation_packagr": null, "is_anonymous": true, "genetic_screening_cleared": false, "screening_expiry_date": null, "is_active": true, "date_assigned": "2026-03-17"}}, {"model": "donor.donorprofile", "pk": 3, "fields": {"donor_code": "DON003", "donor_type": "", "donor_partner": null, "date_of_birth": null, "blood_group": "", "height_cm": null, "weight_kg": null, "eye_color": null, "hair_color": null, "skin_tone": null, "education_level": null, "compensation_packagr": null, "is_anonymous": true, "genetic_screening_cleared": false, "screening_expiry_date": null, "is_active": true, "date_assigned": "2026-03-17"}}, {"model": "donor.donorprofile", "pk": 4, "fields": {"donor_code": "DON004", "donor_type": "", "donor_partner": null, "date_of_birth": null, "blood_group": "", "height_cm": null, "weight_kg": null, "eye_color": null, "hair_color": null, "skin_tone": null, "education_level": null, "compensation_packagr": null, "is_anonymous": true, "genetic_screening_cleared": false, "screening_expiry_date": null, "is_active": true, "date_assigned": "2026-03-17"}}, {"model": "emr.emrrecord", "pk": 1, "fields": {"patient": 2, "created_by": ["shravan@gmail.com"], "record_type": "NURSING_NOTE", "title": "Primary vital check-up", "date": "2026-05-13", "notes": "", "created_at": "2026-05-13T04:43:00.995Z", "updated_at": "2026-05-13T04:43:00.995Z"}}, {"model": "emr.emrrecord", "pk": 2, "fields": {"patient": 2, "created_by": ["shravan@gmail.com"], "record_type": "COUNSELLING_NOTE", "title": "First session", "date": "2026-05-13", "notes": "", "created_at": "2026-05-13T04:44:44.831Z", "updated_at": "2026-05-13T04:44:44.831Z"}}, {"model": "emr.nursingnote", "pk": 1, "fields": {"record": 1, "vital_bp": "120", "vital_pulse": "72", "vital_temp": "37 degree Celsius", "vital_spo2": "2.1231", "vital_weight": "65kgs", "observations": "Nil", "medications_given": "Nil", "instructions_given": "Nil"}}, {"model": "emr.counsellingnote", "pk": 1, "fields": {"record": 2, "session_type": "First counselling session", "concerns_raised": "Concerned about mental health issues facing during the process.", "advice_given": "-", "follow_up_required": true, "follow_up_date": "2026-05-20", "notes": ""}}, {"model": "gynaecology.gynaecologistprofile", "pk": 1, "fields": {"user": ["anjali@gmail.com"], "employee_id": "DR001", "slug": "anjali-dr001", "specialization": "", "medical_license_no": "", "biography": null, "can_perform_egg_retrieval": false, "can_assist_ivf": false, "is_department_head": false, "is_active": true, "date_assigned": "2026-05-20"}}, {"model": "hr.hrmanagerprofile", "pk": 1, "fields": {"user": ["gayathri@gmail.com"], "employee_id": "HR001", "slug": "gayathri-nair-hr001", "managed_depts": "Clinical", "contact_number": "9876543210", "can_approve_leaves": true, "can_view_salaries": true, "can_terminate_staff": false, "can_edit_attendance": false, "can_generate_payslips": true, "can_update_documents": true, "is_department_head": false, "is_active": true, "date_assigned": "2026-03-25"}}, {"model": "hr.hrmanagerprofile", "pk": 9, "fields": {"user": ["abhinav@gmail.com"], "employee_id": "HR002", "slug": "abhinav-hr002", "managed_depts": "Operations", "contact_number": null, "can_approve_leaves": false, "can_view_salaries": true, "can_terminate_staff": true, "can_edit_attendance": false, "can_generate_payslips": true, "can_update_documents": true, "is_department_head": false, "is_active": true, "date_assigned": "2026-03-25"}}, {"model": "hr.hrmanagerprofile", "pk": 10, "fields": {"user": ["sarath2@gmail.com"], "employee_id": "HR003", "slug": "sarath-hr003", "managed_depts": null, "contact_number": null, "can_approve_leaves": false, "can_view_salaries": true, "can_terminate_staff": false, "can_edit_attendance": false, "can_generate_payslips": true, "can_update_documents": true, "is_department_head": false, "is_active": true, "date_assigned": "2026-03-30"}}, {"model": "hr.hrmanagerprofile", "pk": 11, "fields": {"user": ["sarath3@gmail.com"], "employee_id": "HR004", "slug": "sarath-hr004", "managed_depts": null, "contact_number": null, "can_approve_leaves": false, "can_view_salaries": true, "can_terminate_staff": false, "can_edit_attendance": false, "can_generate_payslips": true, "can_update_documents": true, "is_department_head": true, "is_active": true, "date_assigned": "2026-03-30"}}, {"model": "hr.hrmanagerprofile", "pk": 12, "fields": {"user": ["abhijith1@gmail.com"], "employee_id": "HR005", "slug": "abhijith-hr005", "managed_depts": "", "contact_number": null, "can_approve_leaves": false, "can_view_salaries": false, "can_terminate_staff": false, "can_edit_attendance": false, "can_generate_payslips": true, "can_update_documents": true, "is_department_head": false, "is_active": true, "date_assigned": "2026-04-23"}}, {"model": "hr.hrmanagerprofile", "pk": 17, "fields": {"user": ["shravan1@gmail.com"], "employee_id": "HR006", "slug": "shravan-hr006", "managed_depts": null, "contact_number": null, "can_approve_leaves": false, "can_view_salaries": false, "can_terminate_staff": false, "can_edit_attendance": false, "can_generate_payslips": false, "can_update_documents": false, "is_department_head": true, "is_active": true, "date_assigned": "2026-05-05"}}, {"model": "patients.patientprofile", "pk": 1, "fields": {"user": ["patient002@test.com"], "patient_id": "PAT001", "slug": "test-patient-pat001", "phone": "9999999999", "date_of_birth": null, "gender": "F", "blood_group": "", "address": "", "insurance_policy_number": "", "insurance_details": "", "emergency_contact_name": "", "emergency_contact_phone": "", "treatment_type": "IVF", "status": "HOL", "assigned_doctor": null, "partner": null, "years_of_infertility": 0, "previous_ivf_attempts": 0, "known_allergies": "", "registered_on": "2026-05-06", "updated_on": "2026-05-08T04:25:58.000Z", "notes": "", "is_active": true}}, {"model": "patients.patientprofile", "pk": 2, "fields": {"user": ["shravana@gmail.com"], "patient_id": "PAT002", "slug": "shravan-a-c-pat002", "phone": "+919961292492", "date_of_birth": "2002-05-10", "gender": "M", "blood_group": "A+", "address": "'Indeevaram' ,Near Irinave Railway Gate ,Irinave", "insurance_policy_number": "", "insurance_details": "", "emergency_contact_name": "", "emergency_contact_phone": "", "treatment_type": "SPERM_FREEZE", "status": "HOL", "assigned_doctor": null, "partner": 3, "years_of_infertility": 0, "previous_ivf_attempts": 0, "known_allergies": "", "registered_on": "2026-05-07", "updated_on": "2026-05-08T09:57:50.499Z", "notes": "", "is_active": true}}, {"model": "patients.patientprofile", "pk": 3, "fields": {"user": ["abcdef1@gmail.com"], "patient_id": "PAT003", "slug": "abcdef-a-b-pat003", "phone": "9876543210", "date_of_birth": "2026-05-04", "gender": "F", "blood_group": "AB+", "address": "", "insurance_policy_number": "", "insurance_details": "", "emergency_contact_name": "", "emergency_contact_phone": "", "treatment_type": "IUI", "status": "PEN", "assigned_doctor": null, "partner": 2, "years_of_infertility": 0, "previous_ivf_attempts": 0, "known_allergies": "", "registered_on": "2026-05-07", "updated_on": "2026-05-08T04:29:17.488Z", "notes": "", "is_active": true}}, {"model": "patients.patientprofile", "pk": 4, "fields": {"user": ["rahul@gmail.com"], "patient_id": "PAT004", "slug": "rahul-pat004", "phone": "9876543210", "date_of_birth": "2002-05-10", "gender": "M", "blood_group": "B+", "address": "jklsablcbasdbsd", "insurance_policy_number": "", "insurance_details": "", "emergency_contact_name": "", "emergency_contact_phone": "", "treatment_type": "", "status": "PEN", "assigned_doctor": null, "partner": null, "years_of_infertility": 0, "previous_ivf_attempts": 0, "known_allergies": "", "registered_on": "2026-05-13", "updated_on": "2026-05-13T04:59:36.642Z", "notes": "", "is_active": true}}, {"model": "patients.patientprofile", "pk": 5, "fields": {"user": ["abhishek@gmail.com"], "patient_id": "PAT005", "slug": "abhishek-pat005", "phone": "9876543210", "date_of_birth": "2001-06-12", "gender": "M", "blood_group": "A+", "address": "", "insurance_policy_number": "", "insurance_details": "", "emergency_contact_name": "", "emergency_contact_phone": "", "treatment_type": "", "status": "PEN", "assigned_doctor": null, "partner": null, "years_of_infertility": 0, "previous_ivf_attempts": 0, "known_allergies": "", "registered_on": "2026-05-20", "updated_on": "2026-05-20T06:18:16.359Z", "notes": "", "is_active": true}}, {"model": "patients.patientprofile", "pk": 6, "fields": {"user": ["amal@gmail.com"], "patient_id": "PAT006", "slug": "amal-pat006", "phone": "9876543212", "date_of_birth": null, "gender": "", "blood_group": "", "address": "", "insurance_policy_number": "", "insurance_details": "", "emergency_contact_name": "", "emergency_contact_phone": "", "treatment_type": "IVF", "status": "HOL", "assigned_doctor": ["anjali@gmail.com"], "partner": null, "years_of_infertility": 0, "previous_ivf_attempts": 0, "known_allergies": "", "registered_on": "2026-05-23", "updated_on": "2026-05-23T05:25:35.348Z", "notes": "hello", "is_active": true}}]